name,lat,lon,pop2023
Atlanta,33.76286941921464,-84.42210269322722,510823.0
Columbus,32.51001682935617,-84.87705237789706,201877.0
Augusta-Richmond County consolidated government (balance),33.36448356768117,-82.07082786153515,200884.0
Macon-Bibb County,32.8064963501934,-83.69741779915184,156512.0
Savannah,32.02837522929442,-81.18219504240189,147748.0
Athens-Clarke County unified government (balance),33.950891657580875,-83.36893942637352,128628.0
South Fulton,33.635891300353705,-84.57976630867824,110920.0
Sandy Springs,33.93656641921633,-84.37037936838529,105793.0
Roswell,34.03915590913475,-84.35122337705431,91706.0
Warner Robins,32.59545715323835,-83.65254820573415,84537.0
Johns Creek,34.03333065495438,-84.20268850575262,81108.0
Alpharetta,34.07039586692962,-84.27381334428813,67056.0
Albany,31.577585645692814,-84.17621603308898,66877.0
Marietta,33.95324950882657,-84.54223162653624,62769.0
Stonecrest,33.684189816891816,-84.13717965423903,60677.0
Brookhaven,33.8718071488794,-84.331842858214,57945.0
Smyrna,33.86295117698358,-84.51679530232119,56566.0
Valdosta,30.85018647808143,-83.27887258498473,55025.0
Dunwoody,33.94185674661341,-84.3121906790169,51713.0
Gainesville,34.29023245862322,-83.82917761870864,47265.0
Newnan,33.37650621936459,-84.77563305059459,44940.0
Peachtree Corners,33.966933314326035,-84.2319184378223,42136.0
Milton,34.13531199569436,-84.31382150756001,41383.0
Peachtree City,33.39419222304724,-84.57100364420721,40193.0
Douglasville,33.73847927790799,-84.70521409137595,39049.0
Woodstock,34.10254322979818,-84.50749687688868,38473.0
East Point,33.669611548395075,-84.47009350855983,38115.0
Rome,34.26589575836041,-85.18604084003984,38111.0
Tucker,33.84362139935669,-84.20241291681194,36975.0
Canton,34.24697207561713,-84.49021903442689,36857.0
Hinesville,31.824800048354845,-81.61363520291474,36181.0
Stockbridge,33.52968645946288,-84.23441383564013,35452.0
Kennesaw,34.02586266065248,-84.61764330106725,34683.0
Dalton,34.76919402913562,-84.97181088888821,34508.0
Statesboro,32.43746027863475,-81.77510311456217,34452.0
Duluth,34.00503165188941,-84.14927366026396,32350.0
LaGrange,33.02747120955925,-85.03839819886088,32343.0
McDonough,33.441028350395094,-84.14972912208509,32138.0
Chamblee,33.88421814306071,-84.3007455238142,31841.0
Lawrenceville,33.95236411775777,-83.99353640114364,31015.0
Pooler,32.1042264995623,-81.25682192684441,29544.0
Union City,33.59416275651013,-84.56286792900843,27832.0
Carrollton,33.581650063815744,-85.08390899198187,27793.0
Sugar Hill,34.10802043264533,-84.05595838624848,25889.0
Cartersville,34.164572769915615,-84.80091086248817,24937.0
Decatur,33.771020267567195,-84.29627737182047,24307.0
Griffin,33.24185294117853,-84.27461607226823,24044.0
Perry,32.47208169578416,-83.72792620857851,24029.0
Suwanee,34.050823416403325,-84.06857066978917,22913.0
Acworth,34.056734112184245,-84.67128549557741,22379.0
Snellville,33.85627536223845,-84.00376365942165,22067.0
Kingsland,30.819446846751248,-81.72163152026522,20343.0
Fayetteville,33.45004085008223,-84.47103346634073,20083.0
Winder,33.99162285111074,-83.72230936821084,19669.0
Holly Springs,34.16807531918283,-84.4847349667169,19540.0
St. Marys,30.75588945559732,-81.57213301233377,19537.0
Conyers,33.66451089953785,-83.99667523679294,19505.0
Forest Park,33.621023145100914,-84.35874396687454,19368.0
Powder Springs,33.86499953519463,-84.6839133716641,18950.0
Calhoun,34.49019422904919,-84.93807155701373,18900.0
Villa Rica,33.72936846396131,-84.91763701822583,18703.0
Thomasville,30.83936095499233,-83.97819703734989,18558.0
Richmond Hill,31.901139472177533,-81.31280159010954,18459.0
Buford,34.1190088213141,-83.9901131595212,18273.0
Norcross,33.9378629778388,-84.20651410055623,18043.0
Grovetown,33.450336538949486,-82.20726449106259,17580.0
Tifton,31.46298279802459,-83.51986533973903,17357.0
Fairburn,33.5496453180666,-84.5914544014293,16661.0
Loganville,33.83524210363782,-83.89586600598045,16516.0
Milledgeville,33.08730364474537,-83.24154155525761,16486.0
Dublin,32.53518055422534,-82.9287126973077,16008.0
Monroe,33.79904109803129,-83.71605563148482,15929.0
Lilburn,33.88956167257361,-84.13650401088665,15862.0
Jefferson,34.13752598590485,-83.60176708281683,15756.0
Americus,32.073519815348064,-84.22485394815291,15703.0
Braselton,34.10886632434588,-83.81151671623856,15538.0
Brunswick,31.14489985610752,-81.47458386710022,15404.0
Dallas,33.916519858554025,-84.84124673878387,14985.0
Covington,33.60500236514594,-83.8462523519597,14677.0
Riverdale,33.56409703968421,-84.41030160874065,14672.0
Moultrie,31.159079784000568,-83.77077571400204,14565.0
Port Wentworth,32.195138798951916,-81.19908493439208,14468.0
Bainbridge,30.90589243769812,-84.57228794277515,14423.0
Clarkston,33.811608470409155,-84.2403477671948,14396.0
College Park,33.63613160290263,-84.46391632192689,13867.0
Waycross,31.210768548878203,-82.35786899068314,13714.0
Lovejoy,33.442588220986664,-84.317499268667,12080.0
Douglas,31.506480665755248,-82.85432402012387,11769.0
Rincon,32.294626483361625,-81.23524051042467,11624.0
Flowery Branch,34.17099929323358,-83.91452790280387,11607.0
Locust Grove,33.344483459054395,-84.10572937576694,11199.0
Doraville,33.90747017296214,-84.27061721609185,10780.0
Vidalia,32.212543002770936,-82.40187247402712,10741.0
Fort Oglethorpe,34.93177351855259,-85.24607121478347,10598.0
Garden City,32.08674026821258,-81.17725207632331,10373.0
Cedartown,34.02229885407821,-85.2479320164089,10300.0
Jesup,31.59921818790752,-81.88952441751707,10065.0
Cairo,30.879175523906536,-84.2051283016241,10007.0
Thomaston,32.89079947799753,-84.32711497887406,9876.0
Cordele,31.95627537446867,-83.76932613078864,9868.0
Auburn,34.01562963122083,-83.83189344872812,9688.0
Cumming,34.20629647690243,-84.13360626199659,9471.0
Toccoa,34.58131339096824,-83.32649481634986,9303.0
Hampton,33.37768018284348,-84.29905172567165,9162.0
Fitzgerald,31.713414513319623,-83.25147199662116,8942.0
Fort Valley,32.55204402885176,-83.88166337865813,8868.0
Cusseta-Chattahoochee County,32.346982430612535,-84.78702217770362,8661.0
Centerville,32.63596943848128,-83.68544724501864,8470.0
Commerce,34.21481163913318,-83.47436999241944,8287.0
Austell,33.81952899125791,-84.64480247879918,8148.0
Tyrone,33.47516556606052,-84.59415235333128,7949.0
Bremen,33.70855709638405,-85.14953059386514,7712.0
Dacula,33.981482523473595,-83.8946725404668,7650.0
Swainsboro,32.58664075145548,-82.33449740958217,7611.0
Dahlonega,34.53103233423336,-83.98037579192895,7585.0
LaFayette,34.708877653174724,-85.28148078528457,7044.0
Thomson,33.46801236876219,-82.49655995183213,6860.0
Hapeville,33.66086777813279,-84.4093962337728,6691.0
Eatonton,33.325759594436875,-83.38863594057203,6579.0
Stone Mountain,33.80358609167606,-84.17230306593324,6553.0
Oakwood,34.22344898443792,-83.8850288975978,6412.0
Morrow,33.581487495211846,-84.33935477749084,6395.0
Temple,33.734179980606626,-85.02892194231204,6360.0
Barnesville,33.050882918332086,-84.15273013956696,6329.0
Jonesboro,33.52121430534604,-84.35471585137141,6140.0
Byron,32.6475335928794,-83.7540148885514,6132.0
Senoia,33.30823189886499,-84.55461378140248,5929.0
Jackson,33.29192261267989,-83.96779284141067,5854.0
Adel,31.12515979319884,-83.42250918559614,5700.0
Waynesboro,33.090922358982766,-82.01458769945768,5607.0
Eastman,32.19729289898622,-83.1714710416408,5568.0
Sandersville,32.982666243109655,-82.80888785321233,5536.0
Sylvester,31.530039734666424,-83.83379326445089,5436.0
Hoschton,34.0858495028443,-83.76171063910564,5388.0
Hiram,33.87771421897287,-84.77099990339076,5353.0
Social Circle,33.650503068112286,-83.71165148626085,5330.0
Cornelia,34.517010637000794,-83.5311735349165,5309.0
Glennville,31.937858754555464,-81.9305314185838,5245.0
Rockmart,34.00859082366451,-85.04490308574229,5231.0
Blakely,31.382672989337472,-84.92275464931387,5218.0
Camilla,31.233724485866222,-84.20886572031888,5089.0
Adairsville,34.370840667788215,-84.9211417271771,5052.0
Palmetto,33.53101246911373,-84.66769811195012,5021.0
Grayson,33.890335725365844,-83.95772311566274,4975.0
Jasper,34.470851396218904,-84.44961244799305,4970.0
Madison,33.57947672735396,-83.47557490187519,4964.0
Baxley,31.764130081454006,-82.35081992732135,4945.0
Nashville,31.205394630367792,-83.24631114466857,4945.0
Forsyth,33.05111069147827,-83.95660589038317,4901.0
Chatsworth,34.78082052157172,-84.78316358650856,4883.0
Elberton,34.10629553686825,-82.87052243476379,4778.0
McRae-Helena,32.063542696173,-82.8967938336235,4759.0
Cochran,32.387408058721974,-83.35233468831457,4749.0
Folkston,30.839039708661353,-82.00737964958404,4684.0
Hartwell,34.34989873339365,-82.92899946215258,4638.0
Dawsonville,34.436481165291674,-84.12606418166828,4627.0
Summerville,34.47873637683062,-85.34911306283247,4420.0
Dawson,31.77211841429956,-84.44368994529418,4200.0
Ashburn,31.70957157278361,-83.65277680445588,4196.0
Lyons,32.20495048236139,-82.3217953279209,4195.0
Euharlee,34.14408430218489,-84.9327135936239,4168.0
Hawkinsville,32.29644172993487,-83.48151838936177,4100.0
Hazlehurst,31.865075185303066,-82.59935619634796,4071.0
Quitman,30.784877668009166,-83.56033950338767,4036.0
Baldwin,34.48524961573453,-83.55216197668317,4003.0
Harlem,33.427237947566226,-82.31280875245173,3992.0
Rossville,34.974742252330245,-85.28979723881977,3991.0
Metter,32.3957183780826,-82.06207497511598,3986.0
Walthourville,31.771593552911746,-81.62162359145714,3913.0
Hephzibah,33.29062053943039,-82.0993951009482,3815.0
Echols County,30.71004929396146,-82.89395084171076,3709.0
Blackshear,31.295397183107,-82.24531506454717,3646.0
Washington,33.7354531217872,-82.74267998938251,3634.0
Watkinsville,33.86097186611433,-83.40713043455769,3631.0
Greensboro,33.56867320309754,-83.18718828512728,3605.0
West Point,32.893041726735426,-85.14449916198846,3605.0
Wrightsville,32.72698192148979,-82.71919479445658,3586.0
Leesburg,31.732411399479503,-84.16880184926003,3553.0
Cleveland,34.59698090377333,-83.7621668092861,3539.0
Manchester,32.856570511474985,-84.63292799767137,3528.0
Avondale Estates,33.76990925248093,-84.26474318651657,3524.0
Gray,33.002021862953406,-83.53701018971496,3513.0
Alma,31.543233096453807,-82.4745174417761,3472.0
Hahira,30.994131466684415,-83.37865435191775,3459.0
Ringgold,34.913603880895096,-85.12145728456058,3435.0
Pelham,31.126664337122786,-84.15144016108354,3432.0
Chattahoochee Hills,33.56938190874073,-84.74411629723224,3361.0
Springfield,32.36148708854057,-81.29818283583997,3284.0
Grantville,33.236889133176696,-84.82921936587917,3278.0
Hogansville,33.1674230222271,-84.90264412317998,3234.0
Tallapoosa,33.733483291815745,-85.28586736942272,3201.0
Unadilla,32.25827530277191,-83.73563735773251,3169.0
Bloomingdale,32.12477084165086,-81.30808267157512,3129.0
Tybee Island,32.00946237949323,-80.85314123967774,3119.0
Statham,33.96474868228948,-83.60176291304676,3102.0
Chickamauga,34.87526490782236,-85.28854236695477,3057.0
Ball Ground,34.343189162281455,-84.36528277277026,3039.0
Lakeland,31.040915572413375,-83.07478503346927,3008.0
Lula,34.39543821541576,-83.6659347489464,2993.0
Millen,32.807108854923996,-81.94233899497208,2960.0
Ocilla,31.598681824824673,-83.24971280655609,2949.0
Guyton,32.340027066862234,-81.42061976162836,2925.0
Cuthbert,31.77134490203153,-84.79404334191491,2915.0
Soperton,32.37820119180735,-82.5944489201745,2899.0
Montezuma,32.299665111065195,-84.02460754796611,2898.0
Lake City,33.606471912411386,-84.34121469785443,2896.0
Nicholls,31.520709684490097,-82.63767434046159,2896.0
Vienna,32.09263275999092,-83.7868252797247,2845.0
Abbeville,31.992541423186957,-83.30675549159679,2844.0
Pembroke,32.14553423072182,-81.6185461158965,2839.0
Monticello,33.295473403425824,-83.68597670659084,2833.0
Donalsonville,31.040279970648825,-84.87795828348989,2826.0
Alamo,32.14693905821785,-82.77977901417727,2811.0
Royston,34.28613764037974,-83.11055101397933,2670.0
Sylvania,32.746401109517976,-81.64080660572166,2630.0
Lithonia,33.71281756672142,-84.10599311508928,2583.0
Reidsville,32.087071422970126,-82.12436289043295,2563.0
Thunderbolt,32.03391482650927,-81.04787169270811,2539.0
East Dublin,32.54677909001693,-82.86741339574,2499.0
Claxton,32.16136134376769,-81.9093633967911,2474.0
Webster County,32.04685643251312,-84.55108384262334,2337.0
Homerville,31.03855548536052,-82.7420919007196,2327.0
Oxford,33.62764414557594,-83.87208705885016,2294.0
Louisville,32.99541998035032,-82.40000578292468,2289.0
Georgetown-Quitman County,31.867346142197395,-85.01877197044867,2280.0
Midway,31.800331489215456,-81.41900660729002,2253.0
Varnell,34.90052129361453,-84.9639805769539,2227.0
Trenton,34.87411718556337,-85.50963560591757,2226.0
Bowdon,33.53783921031723,-85.25392442134398,2211.0
Lavonia,34.43408880231813,-83.10798474530067,2167.0
Maysville,34.25544535078773,-83.55208834941664,2167.0
Clarkesville,34.610245049050214,-83.52832391122179,2135.0
Wrens,33.20693818231355,-82.38785658325713,2127.0
Clayton,34.87747701516441,-83.4026626940455,2063.0
Brooklet,32.39059719074429,-81.6677402588384,2063.0
Demorest,34.564817760202054,-83.54235488884457,2046.0
Berkeley Lake,33.980586070082005,-84.18390703889025,2029.0
Sparks,31.169347783642177,-83.4405316890443,2029.0
Mount Zion,33.64088374069774,-85.1803545658423,2022.0
Arcade,34.0693481315803,-83.53999776828164,1980.0
Mount Vernon,32.18336263058755,-82.5958787988667,1975.0
Trion,34.54795384893179,-85.31137038871636,1969.0
Davisboro,32.98258587024853,-82.60318559124534,1939.0
Ellijay,34.69115721942667,-84.48399449080692,1938.0
Colquitt,31.174138733065796,-84.73185172036435,1894.0
Porterdale,33.57391571811263,-83.89400156075044,1884.0
Nicholson,34.11721392841472,-83.42888628454361,1878.0
Warrenton,33.40674042565155,-82.66527025694666,1875.0
Ludowici,31.713046698795807,-81.74178029039079,1846.0
Butler,32.557051275645,-84.23770571322292,1832.0
Tennille,32.936621722178785,-82.81281081875328,1825.0
Pearson,31.297000233283494,-82.85439882811,1825.0
Pendergrass,34.16708445594002,-83.68276563633856,1805.0
Morgan,31.538098616866655,-84.60332200427705,1800.0
Union Point,33.61780076889121,-83.07510019248005,1789.0
Hamilton,32.76472553670677,-84.87526136634831,1763.0
Gordon,32.88664476294599,-83.33488805842343,1742.0
Twin City,32.58293513888032,-82.15753902809466,1714.0
Darien,31.356787655930027,-81.43144301640172,1678.0
Lookout Mountain,34.966483011743016,-85.36191778840481,1671.0
Homer,34.33547817228458,-83.49855083729898,1647.0
Comer,34.062503656700144,-83.12634844137497,1599.0
Walnut Grove,33.745237210312894,-83.85115132635401,1575.0
Wadley,32.866304516125446,-82.4014022095849,1569.0
Ellaville,32.23799929654084,-84.3088724143358,1541.0
Buena Vista,32.318802906872435,-84.5176975462133,1539.0
Aragon,34.045869482457206,-85.05702208657512,1502.0
Lake Park,30.685636100910493,-83.18774788512036,1485.0
Chester,32.39449431847722,-83.15505759152086,1477.0
Mount Airy,34.522115693815365,-83.49758539046081,1472.0
Emerson,34.13011014536787,-84.74822443394861,1437.0
Lincolnton,33.79310484946491,-82.47761800370878,1419.0
Richland,32.088540032773814,-84.6625288830522,1406.0
East Ellijay,34.675155249783295,-84.47685292507796,1394.0
Bogart,33.947645808964566,-83.53430659045932,1350.0
Zebulon,33.0930262619315,-84.34263262051014,1324.0
Sparta,33.276659620182166,-82.97037682400573,1320.0
Omega,31.338896344176753,-83.59494642366168,1320.0
Pine Mountain,32.852413754931526,-84.85199720019314,1281.0
Remerton,30.84414432969425,-83.30855050895049,1265.0
Willacoochee,31.335847548966797,-83.04457269159725,1243.0
Blue Ridge,34.86659145677543,-84.32181008930124,1233.0
Boston,30.792028940748807,-83.78992723595891,1216.0
Cave Spring,34.108022176417286,-85.33886128587137,1204.0
Winterville,33.96679981508808,-83.2814669038369,1195.0
Edison,31.560815877722025,-84.73738507583785,1177.0
McCaysville,34.98105398051148,-84.37055946650318,1169.0
Nelson,34.379008045866776,-84.3707423995098,1168.0
Franklin Springs,34.28397247289756,-83.1458661374265,1167.0
Arlington,31.438270024567455,-84.72532363287787,1149.0
Resaca,34.57883698184971,-84.94399991332325,1145.0
Rochelle,31.94878904480147,-83.45681112453809,1138.0
Clermont,34.478295508520816,-83.77204497598854,1126.0
Enigma,31.407611026292237,-83.32903396020359,1098.0
Broxton,31.62478476928318,-82.88770186791331,1075.0
Woodbine,30.959815747498048,-81.71760246342396,1059.0
Nahunta,31.206513210925873,-81.9814324196483,1028.0
Ivey,32.909243275135154,-83.2982700626029,1026.0
Ray City,31.072892982868172,-83.19596497546058,1020.0
Hiawassee,34.949484219575886,-83.75309817634833,1002.0
