station,station_name,lat,lon,year,last_frost_doy
USC00220021,ABERDEEN,33.83,-88.5206,1980,78
USC00220021,ABERDEEN,33.83,-88.5206,1981,78
USC00220021,ABERDEEN,33.83,-88.5206,1982,97
USC00220021,ABERDEEN,33.83,-88.5206,1983,109
USC00220021,ABERDEEN,33.83,-88.5206,1984,72
USC00220021,ABERDEEN,33.83,-88.5206,1985,59
USC00220021,ABERDEEN,33.83,-88.5206,1986,82
USC00220021,ABERDEEN,33.83,-88.5206,1987,95
USC00220021,ABERDEEN,33.83,-88.5206,1988,79
USC00220021,ABERDEEN,33.83,-88.5206,1989,101
USC00220021,ABERDEEN,33.83,-88.5206,1990,80
USC00220021,ABERDEEN,33.83,-88.5206,1992,96
USC00220021,ABERDEEN,33.83,-88.5206,1993,78
USC00220021,ABERDEEN,33.83,-88.5206,1994,92
USC00220021,ABERDEEN,33.83,-88.5206,1995,70
USC00220021,ABERDEEN,33.83,-88.5206,1996,102
USC00220021,ABERDEEN,33.83,-88.5206,1997,48
USC00220021,ABERDEEN,33.83,-88.5206,1998,82
USC00220021,ABERDEEN,33.83,-88.5206,1999,76
USC00220021,ABERDEEN,33.83,-88.5206,2000,74
USC00220021,ABERDEEN,33.83,-88.5206,2001,87
USC00220021,ABERDEEN,33.83,-88.5206,2002,83
USC00220021,ABERDEEN,33.83,-88.5206,2003,90
USC00220021,ABERDEEN,33.83,-88.5206,2004,84
USC00220021,ABERDEEN,33.83,-88.5206,2005,78
USC00220021,ABERDEEN,33.83,-88.5206,2006,86
USC00220021,ABERDEEN,33.83,-88.5206,2007,100
USC00220021,ABERDEEN,33.83,-88.5206,2008,86
USC00220021,ABERDEEN,33.83,-88.5206,2009,63
USC00220021,ABERDEEN,33.83,-88.5206,2010,66
USC00220021,ABERDEEN,33.83,-88.5206,2011,70
USC00220021,ABERDEEN,33.83,-88.5206,2012,64
USC00220021,ABERDEEN,33.83,-88.5206,2013,87
USC00220021,ABERDEEN,33.83,-88.5206,2014,86
USC00220021,ABERDEEN,33.83,-88.5206,2015,95
USC00220021,ABERDEEN,33.83,-88.5206,2016,82
USC00220021,ABERDEEN,33.83,-88.5206,2017,64
USC00220021,ABERDEEN,33.83,-88.5206,2018,107
USC00220021,ABERDEEN,33.83,-88.5206,2019,78
USC00220021,ABERDEEN,33.83,-88.5206,2020,59
USC00220021,ABERDEEN,33.83,-88.5206,2021,93
USC00220021,ABERDEEN,33.83,-88.5206,2022,73
USC00220021,ABERDEEN,33.83,-88.5206,2023,79
USC00220021,ABERDEEN,33.83,-88.5206,2024,80
USC00220488,BATESVILLE,34.3161,-89.9558,1980,82
USC00220488,BATESVILLE,34.3161,-89.9558,1981,96
USC00220488,BATESVILLE,34.3161,-89.9558,1982,100
USC00220488,BATESVILLE,34.3161,-89.9558,1983,109
USC00220488,BATESVILLE,34.3161,-89.9558,1984,71
USC00220488,BATESVILLE,34.3161,-89.9558,1985,100
USC00220488,BATESVILLE,34.3161,-89.9558,1986,81
USC00220488,BATESVILLE,34.3161,-89.9558,1987,96
USC00220488,BATESVILLE,34.3161,-89.9558,1988,80
USC00220488,BATESVILLE,34.3161,-89.9558,1989,102
USC00220488,BATESVILLE,34.3161,-89.9558,1990,99
USC00220488,BATESVILLE,34.3161,-89.9558,1991,90
USC00220488,BATESVILLE,34.3161,-89.9558,1992,94
USC00220488,BATESVILLE,34.3161,-89.9558,1993,93
USC00220488,BATESVILLE,34.3161,-89.9558,1994,99
USC00220488,BATESVILLE,34.3161,-89.9558,1995,71
USC00220488,BATESVILLE,34.3161,-89.9558,1996,107
USC00220488,BATESVILLE,34.3161,-89.9558,1997,108
USC00220488,BATESVILLE,34.3161,-89.9558,1998,82
USC00220488,BATESVILLE,34.3161,-89.9558,1999,87
USC00220488,BATESVILLE,34.3161,-89.9558,2000,74
USC00220488,BATESVILLE,34.3161,-89.9558,2001,86
USC00220488,BATESVILLE,34.3161,-89.9558,2002,82
USC00220488,BATESVILLE,34.3161,-89.9558,2003,90
USC00220488,BATESVILLE,34.3161,-89.9558,2004,73
USC00220488,BATESVILLE,34.3161,-89.9558,2005,62
USC00220488,BATESVILLE,34.3161,-89.9558,2006,85
USC00220488,BATESVILLE,34.3161,-89.9558,2007,99
USC00220488,BATESVILLE,34.3161,-89.9558,2008,107
USC00220488,BATESVILLE,34.3161,-89.9558,2009,63
USC00220488,BATESVILLE,34.3161,-89.9558,2010,65
USC00220488,BATESVILLE,34.3161,-89.9558,2011,76
USC00220488,BATESVILLE,34.3161,-89.9558,2012,65
USC00220488,BATESVILLE,34.3161,-89.9558,2013,90
USC00220488,BATESVILLE,34.3161,-89.9558,2014,86
USC00220488,BATESVILLE,34.3161,-89.9558,2015,67
USC00220488,BATESVILLE,34.3161,-89.9558,2016,58
USC00220792,BILOXI,30.3931,-89.0008,1980,63
USC00220792,BILOXI,30.3931,-89.0008,1981,43
USC00220792,BILOXI,30.3931,-89.0008,1982,41
USC00220792,BILOXI,30.3931,-89.0008,1983,70
USC00220792,BILOXI,30.3931,-89.0008,1984,60
USC00220792,BILOXI,30.3931,-89.0008,1986,81
USC00220792,BILOXI,30.3931,-89.0008,1987,41
USC00220792,BILOXI,30.3931,-89.0008,1988,76
USC00220792,BILOXI,30.3931,-89.0008,1992,21
USC00220792,BILOXI,30.3931,-89.0008,1993,73
USC00220792,BILOXI,30.3931,-89.0008,1994,34
USC00220792,BILOXI,30.3931,-89.0008,1995,43
USC00220792,BILOXI,30.3931,-89.0008,1996,71
USC00220792,BILOXI,30.3931,-89.0008,1997,42
USC00220792,BILOXI,30.3931,-89.0008,1998,71
USC00220792,BILOXI,30.3931,-89.0008,1999,53
USC00220792,BILOXI,30.3931,-89.0008,2000,37
USC00220792,BILOXI,30.3931,-89.0008,2001,23
USC00220792,BILOXI,30.3931,-89.0008,2002,64
USC00220792,BILOXI,30.3931,-89.0008,2003,25
USC00220792,BILOXI,30.3931,-89.0008,2004,39
USC00220792,BILOXI,30.3931,-89.0008,2005,24
USC00220792,BILOXI,30.3931,-89.0008,2006,44
USC00220792,BILOXI,30.3931,-89.0008,2007,49
USC00220792,BILOXI,30.3931,-89.0008,2009,36
USC00220792,BILOXI,30.3931,-89.0008,2010,56
USC00220792,BILOXI,30.3931,-89.0008,2011,44
USC00220792,BILOXI,30.3931,-89.0008,2012,43
USC00220792,BILOXI,30.3931,-89.0008,2013,62
USC00220792,BILOXI,30.3931,-89.0008,2014,63
USC00220792,BILOXI,30.3931,-89.0008,2015,65
USC00220792,BILOXI,30.3931,-89.0008,2016,41
USC00220792,BILOXI,30.3931,-89.0008,2017,9
USC00220792,BILOXI,30.3931,-89.0008,2018,30
USC00220792,BILOXI,30.3931,-89.0008,2019,65
USC00220792,BILOXI,30.3931,-89.0008,2020,22
USC00220792,BILOXI,30.3931,-89.0008,2021,51
USC00220792,BILOXI,30.3931,-89.0008,2022,72
USC00220792,BILOXI,30.3931,-89.0008,2023,79
USC00220792,BILOXI,30.3931,-89.0008,2024,50
USC00223887,HATTIESBURG 5SW,31.2547,-89.3392,1980,64
USC00223887,HATTIESBURG 5SW,31.2547,-89.3392,1981,76
USC00223887,HATTIESBURG 5SW,31.2547,-89.3392,1982,68
USC00223887,HATTIESBURG 5SW,31.2547,-89.3392,1983,84
USC00223887,HATTIESBURG 5SW,31.2547,-89.3392,1984,67
USC00223887,HATTIESBURG 5SW,31.2547,-89.3392,1985,48
USC00223887,HATTIESBURG 5SW,31.2547,-89.3392,1986,82
USC00223887,HATTIESBURG 5SW,31.2547,-89.3392,1987,96
USC00223887,HATTIESBURG 5SW,31.2547,-89.3392,1988,77
USC00223887,HATTIESBURG 5SW,31.2547,-89.3392,1989,68
USC00223887,HATTIESBURG 5SW,31.2547,-89.3392,1990,80
USC00223887,HATTIESBURG 5SW,31.2547,-89.3392,1991,48
USC00223887,HATTIESBURG 5SW,31.2547,-89.3392,1992,71
USC00223887,HATTIESBURG 5SW,31.2547,-89.3392,1993,74
USC00223887,HATTIESBURG 5SW,31.2547,-89.3392,1994,58
USC00223887,HATTIESBURG 5SW,31.2547,-89.3392,1995,68
USC00223887,HATTIESBURG 5SW,31.2547,-89.3392,1996,82
USC00223887,HATTIESBURG 5SW,31.2547,-89.3392,1997,48
USC00223887,HATTIESBURG 5SW,31.2547,-89.3392,1998,81
USC00223887,HATTIESBURG 5SW,31.2547,-89.3392,1999,63
USC00223887,HATTIESBURG 5SW,31.2547,-89.3392,2000,37
USC00223887,HATTIESBURG 5SW,31.2547,-89.3392,2001,69
USC00223887,HATTIESBURG 5SW,31.2547,-89.3392,2002,96
USC00223887,HATTIESBURG 5SW,31.2547,-89.3392,2003,90
USC00223887,HATTIESBURG 5SW,31.2547,-89.3392,2004,59
USC00223887,HATTIESBURG 5SW,31.2547,-89.3392,2005,43
USC00223887,HATTIESBURG 5SW,31.2547,-89.3392,2006,84
USC00223887,HATTIESBURG 5SW,31.2547,-89.3392,2007,65
USC00223887,HATTIESBURG 5SW,31.2547,-89.3392,2008,60
USC00223887,HATTIESBURG 5SW,31.2547,-89.3392,2009,64
USC00223887,HATTIESBURG 5SW,31.2547,-89.3392,2010,64
USC00223887,HATTIESBURG 5SW,31.2547,-89.3392,2011,67
USC00223887,HATTIESBURG 5SW,31.2547,-89.3392,2012,44
USC00223887,HATTIESBURG 5SW,31.2547,-89.3392,2013,87
USC00223887,HATTIESBURG 5SW,31.2547,-89.3392,2014,85
USC00223887,HATTIESBURG 5SW,31.2547,-89.3392,2015,66
USC00223887,HATTIESBURG 5SW,31.2547,-89.3392,2016,46
USC00223887,HATTIESBURG 5SW,31.2547,-89.3392,2017,47
USC00223887,HATTIESBURG 5SW,31.2547,-89.3392,2018,74
USC00223887,HATTIESBURG 5SW,31.2547,-89.3392,2020,59
USC00223887,HATTIESBURG 5SW,31.2547,-89.3392,2021,52
USC00223887,HATTIESBURG 5SW,31.2547,-89.3392,2022,72
USC00223887,HATTIESBURG 5SW,31.2547,-89.3392,2023,80
USC00223887,HATTIESBURG 5SW,31.2547,-89.3392,2024,22
USC00228374,STATE UNIV,33.4692,-88.7822,1980,78
USC00228374,STATE UNIV,33.4692,-88.7822,1981,79
USC00228374,STATE UNIV,33.4692,-88.7822,1982,67
USC00228374,STATE UNIV,33.4692,-88.7822,1983,83
USC00228374,STATE UNIV,33.4692,-88.7822,1984,71
USC00228374,STATE UNIV,33.4692,-88.7822,1985,77
USC00228374,STATE UNIV,33.4692,-88.7822,1986,83
USC00228374,STATE UNIV,33.4692,-88.7822,1987,95
USC00228374,STATE UNIV,33.4692,-88.7822,1988,79
USC00228374,STATE UNIV,33.4692,-88.7822,1989,101
USC00228374,STATE UNIV,33.4692,-88.7822,1990,98
USC00228374,STATE UNIV,33.4692,-88.7822,1991,90
USC00228374,STATE UNIV,33.4692,-88.7822,1992,94
USC00228374,STATE UNIV,33.4692,-88.7822,1993,107
USC00228374,STATE UNIV,33.4692,-88.7822,1994,91
USC00228374,STATE UNIV,33.4692,-88.7822,1995,69
USC00228374,STATE UNIV,33.4692,-88.7822,1996,107
USC00228374,STATE UNIV,33.4692,-88.7822,1997,76
USC00228374,STATE UNIV,33.4692,-88.7822,1998,81
USC00228374,STATE UNIV,33.4692,-88.7822,2000,100
USC00228374,STATE UNIV,33.4692,-88.7822,2001,70
USC00228374,STATE UNIV,33.4692,-88.7822,2002,98
USC00228374,STATE UNIV,33.4692,-88.7822,2003,90
USC00228374,STATE UNIV,33.4692,-88.7822,2004,124
USC00228374,STATE UNIV,33.4692,-88.7822,2005,83
USC00228374,STATE UNIV,33.4692,-88.7822,2006,85
USC00228374,STATE UNIV,33.4692,-88.7822,2007,98
USC00228374,STATE UNIV,33.4692,-88.7822,2008,106
USC00228374,STATE UNIV,33.4692,-88.7822,2009,97
USC00228374,STATE UNIV,33.4692,-88.7822,2010,65
USC00228374,STATE UNIV,33.4692,-88.7822,2011,43
USC00228374,STATE UNIV,33.4692,-88.7822,2012,51
USC00228374,STATE UNIV,33.4692,-88.7822,2013,87
USC00228374,STATE UNIV,33.4692,-88.7822,2014,86
USC00228374,STATE UNIV,33.4692,-88.7822,2015,66
USC00228374,STATE UNIV,33.4692,-88.7822,2016,59
USC00228374,STATE UNIV,33.4692,-88.7822,2017,75
USC00228374,STATE UNIV,33.4692,-88.7822,2018,98
USC00228374,STATE UNIV,33.4692,-88.7822,2020,23
USC00228374,STATE UNIV,33.4692,-88.7822,2021,67
USC00228374,STATE UNIV,33.4692,-88.7822,2022,73
USC00228374,STATE UNIV,33.4692,-88.7822,2023,80
USC00228374,STATE UNIV,33.4692,-88.7822,2024,79
USW00003866,MERIDIAN NAAS,32.55,-88.5667,1980,82
USW00003866,MERIDIAN NAAS,32.55,-88.5667,1981,85
USW00003866,MERIDIAN NAAS,32.55,-88.5667,1982,68
USW00003866,MERIDIAN NAAS,32.55,-88.5667,1983,106
USW00003866,MERIDIAN NAAS,32.55,-88.5667,1984,71
USW00003866,MERIDIAN NAAS,32.55,-88.5667,1985,100
USW00003866,MERIDIAN NAAS,32.55,-88.5667,1986,82
USW00003866,MERIDIAN NAAS,32.55,-88.5667,1987,95
USW00003866,MERIDIAN NAAS,32.55,-88.5667,1988,77
USW00003866,MERIDIAN NAAS,32.55,-88.5667,1989,102
USW00003866,MERIDIAN NAAS,32.55,-88.5667,1990,98
USW00003866,MERIDIAN NAAS,32.55,-88.5667,1991,70
USW00003866,MERIDIAN NAAS,32.55,-88.5667,1992,94
USW00003866,MERIDIAN NAAS,32.55,-88.5667,1993,73
USW00003866,MERIDIAN NAAS,32.55,-88.5667,1994,91
USW00003866,MERIDIAN NAAS,32.55,-88.5667,1995,70
USW00003866,MERIDIAN NAAS,32.55,-88.5667,1996,101
USW00003866,MERIDIAN NAAS,32.55,-88.5667,1997,66
USW00003866,MERIDIAN NAAS,32.55,-88.5667,1998,82
USW00003866,MERIDIAN NAAS,32.55,-88.5667,2001,70
USW00003866,MERIDIAN NAAS,32.55,-88.5667,2002,81
USW00003866,MERIDIAN NAAS,32.55,-88.5667,2003,90
USW00003866,MERIDIAN NAAS,32.55,-88.5667,2004,83
USW00003866,MERIDIAN NAAS,32.55,-88.5667,2005,77
USW00003866,MERIDIAN NAAS,32.55,-88.5667,2007,98
USW00003866,MERIDIAN NAAS,32.55,-88.5667,2008,106
USW00003866,MERIDIAN NAAS,32.55,-88.5667,2009,98
USW00003866,MERIDIAN NAAS,32.55,-88.5667,2010,66
USW00003866,MERIDIAN NAAS,32.55,-88.5667,2011,70
USW00003866,MERIDIAN NAAS,32.55,-88.5667,2012,56
USW00003866,MERIDIAN NAAS,32.55,-88.5667,2013,87
USW00003866,MERIDIAN NAAS,32.55,-88.5667,2014,85
USW00003866,MERIDIAN NAAS,32.55,-88.5667,2015,67
USW00003866,MERIDIAN NAAS,32.55,-88.5667,2016,82
USW00003866,MERIDIAN NAAS,32.55,-88.5667,2017,75
USW00003866,MERIDIAN NAAS,32.55,-88.5667,2018,74
USW00003866,MERIDIAN NAAS,32.55,-88.5667,2019,79
USW00003866,MERIDIAN NAAS,32.55,-88.5667,2020,59
USW00003866,MERIDIAN NAAS,32.55,-88.5667,2021,93
USW00003866,MERIDIAN NAAS,32.55,-88.5667,2022,71
USW00003866,MERIDIAN NAAS,32.55,-88.5667,2023,80
USW00003866,MERIDIAN NAAS,32.55,-88.5667,2024,79
USW00003940,JACKSON INTL AP,32.3197,-90.0778,1980,66
USW00003940,JACKSON INTL AP,32.3197,-90.0778,1981,79
USW00003940,JACKSON INTL AP,32.3197,-90.0778,1982,97
USW00003940,JACKSON INTL AP,32.3197,-90.0778,1983,88
USW00003940,JACKSON INTL AP,32.3197,-90.0778,1984,67
USW00003940,JACKSON INTL AP,32.3197,-90.0778,1985,77
USW00003940,JACKSON INTL AP,32.3197,-90.0778,1986,82
USW00003940,JACKSON INTL AP,32.3197,-90.0778,1987,95
USW00003940,JACKSON INTL AP,32.3197,-90.0778,1988,77
USW00003940,JACKSON INTL AP,32.3197,-90.0778,1989,102
USW00003940,JACKSON INTL AP,32.3197,-90.0778,1990,97
USW00003940,JACKSON INTL AP,32.3197,-90.0778,1991,74
USW00003940,JACKSON INTL AP,32.3197,-90.0778,1992,93
USW00003940,JACKSON INTL AP,32.3197,-90.0778,1993,74
USW00003940,JACKSON INTL AP,32.3197,-90.0778,1994,91
USW00003940,JACKSON INTL AP,32.3197,-90.0778,1995,69
USW00003940,JACKSON INTL AP,32.3197,-90.0778,1996,82
USW00003940,JACKSON INTL AP,32.3197,-90.0778,1997,48
USW00003940,JACKSON INTL AP,32.3197,-90.0778,1998,81
USW00003940,JACKSON INTL AP,32.3197,-90.0778,1999,86
USW00003940,JACKSON INTL AP,32.3197,-90.0778,2000,73
USW00003940,JACKSON INTL AP,32.3197,-90.0778,2001,69
USW00003940,JACKSON INTL AP,32.3197,-90.0778,2002,82
USW00003940,JACKSON INTL AP,32.3197,-90.0778,2003,90
USW00003940,JACKSON INTL AP,32.3197,-90.0778,2004,59
USW00003940,JACKSON INTL AP,32.3197,-90.0778,2005,77
USW00003940,JACKSON INTL AP,32.3197,-90.0778,2006,85
USW00003940,JACKSON INTL AP,32.3197,-90.0778,2007,65
USW00003940,JACKSON INTL AP,32.3197,-90.0778,2008,106
USW00003940,JACKSON INTL AP,32.3197,-90.0778,2009,63
USW00003940,JACKSON INTL AP,32.3197,-90.0778,2010,65
USW00003940,JACKSON INTL AP,32.3197,-90.0778,2011,44
USW00003940,JACKSON INTL AP,32.3197,-90.0778,2012,56
USW00003940,JACKSON INTL AP,32.3197,-90.0778,2013,86
USW00003940,JACKSON INTL AP,32.3197,-90.0778,2014,85
USW00003940,JACKSON INTL AP,32.3197,-90.0778,2015,66
USW00003940,JACKSON INTL AP,32.3197,-90.0778,2016,58
USW00003940,JACKSON INTL AP,32.3197,-90.0778,2017,47
USW00003940,JACKSON INTL AP,32.3197,-90.0778,2018,74
USW00003940,JACKSON INTL AP,32.3197,-90.0778,2019,66
USW00003940,JACKSON INTL AP,32.3197,-90.0778,2020,59
USW00003940,JACKSON INTL AP,32.3197,-90.0778,2021,54
USW00003940,JACKSON INTL AP,32.3197,-90.0778,2022,72
USW00003940,JACKSON INTL AP,32.3197,-90.0778,2023,79
USW00003940,JACKSON INTL AP,32.3197,-90.0778,2024,79
USW00013865,MERIDIAN KEY FLD,32.3347,-88.7508,1980,75
USW00013865,MERIDIAN KEY FLD,32.3347,-88.7508,1981,79
USW00013865,MERIDIAN KEY FLD,32.3347,-88.7508,1982,68
USW00013865,MERIDIAN KEY FLD,32.3347,-88.7508,1983,84
USW00013865,MERIDIAN KEY FLD,32.3347,-88.7508,1984,90
USW00013865,MERIDIAN KEY FLD,32.3347,-88.7508,1985,48
USW00013865,MERIDIAN KEY FLD,32.3347,-88.7508,1986,82
USW00013865,MERIDIAN KEY FLD,32.3347,-88.7508,1987,95
USW00013865,MERIDIAN KEY FLD,32.3347,-88.7508,1988,80
USW00013865,MERIDIAN KEY FLD,32.3347,-88.7508,1989,102
USW00013865,MERIDIAN KEY FLD,32.3347,-88.7508,1990,98
USW00013865,MERIDIAN KEY FLD,32.3347,-88.7508,1991,70
USW00013865,MERIDIAN KEY FLD,32.3347,-88.7508,1992,93
USW00013865,MERIDIAN KEY FLD,32.3347,-88.7508,1993,74
USW00013865,MERIDIAN KEY FLD,32.3347,-88.7508,1994,91
USW00013865,MERIDIAN KEY FLD,32.3347,-88.7508,1995,69
USW00013865,MERIDIAN KEY FLD,32.3347,-88.7508,1996,101
USW00013865,MERIDIAN KEY FLD,32.3347,-88.7508,1997,49
USW00013865,MERIDIAN KEY FLD,32.3347,-88.7508,1998,81
USW00013865,MERIDIAN KEY FLD,32.3347,-88.7508,1999,86
USW00013865,MERIDIAN KEY FLD,32.3347,-88.7508,2000,100
USW00013865,MERIDIAN KEY FLD,32.3347,-88.7508,2001,70
USW00013865,MERIDIAN KEY FLD,32.3347,-88.7508,2002,82
USW00013865,MERIDIAN KEY FLD,32.3347,-88.7508,2003,90
USW00013865,MERIDIAN KEY FLD,32.3347,-88.7508,2004,92
USW00013865,MERIDIAN KEY FLD,32.3347,-88.7508,2005,61
USW00013865,MERIDIAN KEY FLD,32.3347,-88.7508,2006,86
USW00013865,MERIDIAN KEY FLD,32.3347,-88.7508,2007,106
USW00013865,MERIDIAN KEY FLD,32.3347,-88.7508,2008,106
USW00013865,MERIDIAN KEY FLD,32.3347,-88.7508,2009,98
USW00013865,MERIDIAN KEY FLD,32.3347,-88.7508,2010,66
USW00013865,MERIDIAN KEY FLD,32.3347,-88.7508,2011,70
USW00013865,MERIDIAN KEY FLD,32.3347,-88.7508,2012,64
USW00013865,MERIDIAN KEY FLD,32.3347,-88.7508,2013,87
USW00013865,MERIDIAN KEY FLD,32.3347,-88.7508,2014,85
USW00013865,MERIDIAN KEY FLD,32.3347,-88.7508,2015,67
USW00013865,MERIDIAN KEY FLD,32.3347,-88.7508,2016,82
USW00013865,MERIDIAN KEY FLD,32.3347,-88.7508,2017,75
USW00013865,MERIDIAN KEY FLD,32.3347,-88.7508,2018,74
USW00013865,MERIDIAN KEY FLD,32.3347,-88.7508,2019,66
USW00013865,MERIDIAN KEY FLD,32.3347,-88.7508,2020,59
USW00013865,MERIDIAN KEY FLD,32.3347,-88.7508,2021,67
USW00013865,MERIDIAN KEY FLD,32.3347,-88.7508,2022,73
USW00013865,MERIDIAN KEY FLD,32.3347,-88.7508,2023,80
USW00013865,MERIDIAN KEY FLD,32.3347,-88.7508,2024,79
USW00013939,GREENVILLE ASOS,33.4939,-90.9806,2002,82
USW00013939,GREENVILLE ASOS,33.4939,-90.9806,2003,62
USW00013939,GREENVILLE ASOS,33.4939,-90.9806,2004,58
USW00013939,GREENVILLE ASOS,33.4939,-90.9806,2005,69
USW00013939,GREENVILLE ASOS,33.4939,-90.9806,2006,58
USW00013939,GREENVILLE ASOS,33.4939,-90.9806,2007,98
USW00013939,GREENVILLE ASOS,33.4939,-90.9806,2008,84
USW00013939,GREENVILLE ASOS,33.4939,-90.9806,2009,63
USW00013939,GREENVILLE ASOS,33.4939,-90.9806,2010,64
USW00013939,GREENVILLE ASOS,33.4939,-90.9806,2011,70
USW00013939,GREENVILLE ASOS,33.4939,-90.9806,2012,56
USW00013939,GREENVILLE ASOS,33.4939,-90.9806,2013,86
USW00013939,GREENVILLE ASOS,33.4939,-90.9806,2014,85
USW00013939,GREENVILLE ASOS,33.4939,-90.9806,2015,66
USW00013939,GREENVILLE ASOS,33.4939,-90.9806,2016,58
USW00013939,GREENVILLE ASOS,33.4939,-90.9806,2017,74
USW00013939,GREENVILLE ASOS,33.4939,-90.9806,2018,98
USW00013939,GREENVILLE ASOS,33.4939,-90.9806,2019,66
USW00013939,GREENVILLE ASOS,33.4939,-90.9806,2020,58
USW00013939,GREENVILLE ASOS,33.4939,-90.9806,2021,62
USW00013939,GREENVILLE ASOS,33.4939,-90.9806,2022,72
USW00013939,GREENVILLE ASOS,33.4939,-90.9806,2023,79
USW00013939,GREENVILLE ASOS,33.4939,-90.9806,2024,50
USW00013978,GREENWOOD LEFLORE AP,33.4961,-90.0894,1980,106
USW00013978,GREENWOOD LEFLORE AP,33.4961,-90.0894,1981,79
USW00013978,GREENWOOD LEFLORE AP,33.4961,-90.0894,1982,67
USW00013978,GREENWOOD LEFLORE AP,33.4961,-90.0894,1983,81
USW00013978,GREENWOOD LEFLORE AP,33.4961,-90.0894,1984,71
USW00013978,GREENWOOD LEFLORE AP,33.4961,-90.0894,1985,59
USW00013978,GREENWOOD LEFLORE AP,33.4961,-90.0894,1986,82
USW00013978,GREENWOOD LEFLORE AP,33.4961,-90.0894,1987,95
USW00013978,GREENWOOD LEFLORE AP,33.4961,-90.0894,1988,79
USW00013978,GREENWOOD LEFLORE AP,33.4961,-90.0894,1989,101
USW00013978,GREENWOOD LEFLORE AP,33.4961,-90.0894,1990,97
USW00013978,GREENWOOD LEFLORE AP,33.4961,-90.0894,1991,90
USW00013978,GREENWOOD LEFLORE AP,33.4961,-90.0894,1992,94
USW00013978,GREENWOOD LEFLORE AP,33.4961,-90.0894,1993,74
USW00013978,GREENWOOD LEFLORE AP,33.4961,-90.0894,1994,90
USW00013978,GREENWOOD LEFLORE AP,33.4961,-90.0894,1995,69
USW00013978,GREENWOOD LEFLORE AP,33.4961,-90.0894,1996,98
USW00013978,GREENWOOD LEFLORE AP,33.4961,-90.0894,1997,48
USW00013978,GREENWOOD LEFLORE AP,33.4961,-90.0894,1998,81
USW00013978,GREENWOOD LEFLORE AP,33.4961,-90.0894,1999,75
USW00013978,GREENWOOD LEFLORE AP,33.4961,-90.0894,2000,72
USW00013978,GREENWOOD LEFLORE AP,33.4961,-90.0894,2001,69
USW00013978,GREENWOOD LEFLORE AP,33.4961,-90.0894,2002,82
USW00013978,GREENWOOD LEFLORE AP,33.4961,-90.0894,2003,90
USW00013978,GREENWOOD LEFLORE AP,33.4961,-90.0894,2004,82
USW00013978,GREENWOOD LEFLORE AP,33.4961,-90.0894,2005,63
USW00013978,GREENWOOD LEFLORE AP,33.4961,-90.0894,2006,85
USW00013978,GREENWOOD LEFLORE AP,33.4961,-90.0894,2007,98
USW00013978,GREENWOOD LEFLORE AP,33.4961,-90.0894,2008,106
USW00013978,GREENWOOD LEFLORE AP,33.4961,-90.0894,2009,62
USW00013978,GREENWOOD LEFLORE AP,33.4961,-90.0894,2010,65
USW00013978,GREENWOOD LEFLORE AP,33.4961,-90.0894,2011,75
USW00013978,GREENWOOD LEFLORE AP,33.4961,-90.0894,2012,64
USW00013978,GREENWOOD LEFLORE AP,33.4961,-90.0894,2013,87
USW00013978,GREENWOOD LEFLORE AP,33.4961,-90.0894,2014,85
USW00013978,GREENWOOD LEFLORE AP,33.4961,-90.0894,2015,67
USW00013978,GREENWOOD LEFLORE AP,33.4961,-90.0894,2016,81
USW00013978,GREENWOOD LEFLORE AP,33.4961,-90.0894,2017,74
USW00013978,GREENWOOD LEFLORE AP,33.4961,-90.0894,2018,98
USW00013978,GREENWOOD LEFLORE AP,33.4961,-90.0894,2019,76
USW00013978,GREENWOOD LEFLORE AP,33.4961,-90.0894,2020,58
USW00013978,GREENWOOD LEFLORE AP,33.4961,-90.0894,2021,92
USW00013978,GREENWOOD LEFLORE AP,33.4961,-90.0894,2022,72
USW00013978,GREENWOOD LEFLORE AP,33.4961,-90.0894,2023,79
USW00013978,GREENWOOD LEFLORE AP,33.4961,-90.0894,2024,79
USW00093862,TUPELO RGNL AP,34.2622,-88.7714,1980,101
USW00093862,TUPELO RGNL AP,34.2622,-88.7714,1981,96
USW00093862,TUPELO RGNL AP,34.2622,-88.7714,1982,113
USW00093862,TUPELO RGNL AP,34.2622,-88.7714,1983,115
USW00093862,TUPELO RGNL AP,34.2622,-88.7714,1984,71
USW00093862,TUPELO RGNL AP,34.2622,-88.7714,1985,65
USW00093862,TUPELO RGNL AP,34.2622,-88.7714,1986,82
USW00093862,TUPELO RGNL AP,34.2622,-88.7714,1987,94
USW00093862,TUPELO RGNL AP,34.2622,-88.7714,1988,77
USW00093862,TUPELO RGNL AP,34.2622,-88.7714,1989,101
USW00093862,TUPELO RGNL AP,34.2622,-88.7714,1990,98
USW00093862,TUPELO RGNL AP,34.2622,-88.7714,1991,90
USW00093862,TUPELO RGNL AP,34.2622,-88.7714,1992,94
USW00093862,TUPELO RGNL AP,34.2622,-88.7714,1993,93
USW00093862,TUPELO RGNL AP,34.2622,-88.7714,1994,94
USW00093862,TUPELO RGNL AP,34.2622,-88.7714,1995,70
USW00093862,TUPELO RGNL AP,34.2622,-88.7714,1996,101
USW00093862,TUPELO RGNL AP,34.2622,-88.7714,1997,104
USW00093862,TUPELO RGNL AP,34.2622,-88.7714,1998,81
USW00093862,TUPELO RGNL AP,34.2622,-88.7714,1999,86
USW00093862,TUPELO RGNL AP,34.2622,-88.7714,2000,100
USW00093862,TUPELO RGNL AP,34.2622,-88.7714,2001,87
USW00093862,TUPELO RGNL AP,34.2622,-88.7714,2002,82
USW00093862,TUPELO RGNL AP,34.2622,-88.7714,2003,90
USW00093862,TUPELO RGNL AP,34.2622,-88.7714,2004,82
USW00093862,TUPELO RGNL AP,34.2622,-88.7714,2005,77
USW00093862,TUPELO RGNL AP,34.2622,-88.7714,2006,85
USW00093862,TUPELO RGNL AP,34.2622,-88.7714,2007,98
USW00093862,TUPELO RGNL AP,34.2622,-88.7714,2008,85
USW00093862,TUPELO RGNL AP,34.2622,-88.7714,2009,63
USW00093862,TUPELO RGNL AP,34.2622,-88.7714,2010,66
USW00093862,TUPELO RGNL AP,34.2622,-88.7714,2011,70
USW00093862,TUPELO RGNL AP,34.2622,-88.7714,2012,57
USW00093862,TUPELO RGNL AP,34.2622,-88.7714,2013,87
USW00093862,TUPELO RGNL AP,34.2622,-88.7714,2014,106
USW00093862,TUPELO RGNL AP,34.2622,-88.7714,2015,87
USW00093862,TUPELO RGNL AP,34.2622,-88.7714,2016,62
USW00093862,TUPELO RGNL AP,34.2622,-88.7714,2017,75
USW00093862,TUPELO RGNL AP,34.2622,-88.7714,2018,98
USW00093862,TUPELO RGNL AP,34.2622,-88.7714,2019,91
USW00093862,TUPELO RGNL AP,34.2622,-88.7714,2020,67
USW00093862,TUPELO RGNL AP,34.2622,-88.7714,2021,92
USW00093862,TUPELO RGNL AP,34.2622,-88.7714,2022,72
USW00093862,TUPELO RGNL AP,34.2622,-88.7714,2023,79
USW00093862,TUPELO RGNL AP,34.2622,-88.7714,2024,79
USW00093919,MCCOMB AP,31.1822,-90.4719,1980,63
USW00093919,MCCOMB AP,31.1822,-90.4719,1981,79
USW00093919,MCCOMB AP,31.1822,-90.4719,1982,68
USW00093919,MCCOMB AP,31.1822,-90.4719,1983,84
USW00093919,MCCOMB AP,31.1822,-90.4719,1984,67
USW00093919,MCCOMB AP,31.1822,-90.4719,1985,47
USW00093919,MCCOMB AP,31.1822,-90.4719,1986,82
USW00093919,MCCOMB AP,31.1822,-90.4719,1987,95
USW00093919,MCCOMB AP,31.1822,-90.4719,1988,80
USW00093919,MCCOMB AP,31.1822,-90.4719,1989,68
USW00093919,MCCOMB AP,31.1822,-90.4719,1990,80
USW00093919,MCCOMB AP,31.1822,-90.4719,1991,70
USW00093919,MCCOMB AP,31.1822,-90.4719,1992,71
USW00093919,MCCOMB AP,31.1822,-90.4719,1993,74
USW00093919,MCCOMB AP,31.1822,-90.4719,1994,91
USW00093919,MCCOMB AP,31.1822,-90.4719,1995,69
USW00093919,MCCOMB AP,31.1822,-90.4719,1996,82
USW00093919,MCCOMB AP,31.1822,-90.4719,1997,47
USW00093919,MCCOMB AP,31.1822,-90.4719,1998,81
USW00093919,MCCOMB AP,31.1822,-90.4719,1999,75
USW00093919,MCCOMB AP,31.1822,-90.4719,2000,100
USW00093919,MCCOMB AP,31.1822,-90.4719,2001,50
USW00093919,MCCOMB AP,31.1822,-90.4719,2002,64
USW00093919,MCCOMB AP,31.1822,-90.4719,2003,90
USW00093919,MCCOMB AP,31.1822,-90.4719,2004,50
USW00093919,MCCOMB AP,31.1822,-90.4719,2005,77
USW00093919,MCCOMB AP,31.1822,-90.4719,2006,84
USW00093919,MCCOMB AP,31.1822,-90.4719,2007,65
USW00093919,MCCOMB AP,31.1822,-90.4719,2008,106
USW00093919,MCCOMB AP,31.1822,-90.4719,2009,62
USW00093919,MCCOMB AP,31.1822,-90.4719,2010,65
USW00093919,MCCOMB AP,31.1822,-90.4719,2011,44
USW00093919,MCCOMB AP,31.1822,-90.4719,2012,44
USW00093919,MCCOMB AP,31.1822,-90.4719,2013,86
USW00093919,MCCOMB AP,31.1822,-90.4719,2014,85
USW00093919,MCCOMB AP,31.1822,-90.4719,2015,66
USW00093919,MCCOMB AP,31.1822,-90.4719,2016,81
USW00093919,MCCOMB AP,31.1822,-90.4719,2017,47
USW00093919,MCCOMB AP,31.1822,-90.4719,2018,74
USW00093919,MCCOMB AP,31.1822,-90.4719,2019,65
USW00093919,MCCOMB AP,31.1822,-90.4719,2020,60
USW00093919,MCCOMB AP,31.1822,-90.4719,2021,54
USW00093919,MCCOMB AP,31.1822,-90.4719,2022,72
USW00093919,MCCOMB AP,31.1822,-90.4719,2023,79
USW00093919,MCCOMB AP,31.1822,-90.4719,2024,79
