PCTILE,REGION,DEMOGIDX_2,DEMOGIDX_5,PEOPCOLORPCT,LOWINCPCT,UNEMPPCT,DISABILITYPCT,LINGISOPCT,LESSHSPCT,UNDER5PCT,OVER64PCT,LIFEEXPPCT,PM25,OZONE,DSLPM,RSEI_AIR,PTRAF,PRE1960PCT,PNPL,PRMP,PTSDF,UST,PWDIS,DWATER,NO2,D2_PM25,D2_OZONE,D2_DSLPM,D2_RSEI_AIR,D2_PTRAF,D2_LDPNT,D2_PNPL,D2_PRMP,D2_PTSDF,D2_UST,D2_PWDIS,D2_DWATER,D2_NO2,D5_PM25,D5_OZONE,D5_DSLPM,D5_RSEI_AIR,D5_PTRAF,D5_LDPNT,D5_PNPL,D5_PRMP,D5_PTSDF,D5_UST,D5_PWDIS,D5_DWATER,D5_NO2
0,USA,0.000000000000000,0.000000000000000,0.000000000000000,0.000000000000000,0.000000000000000,0.000000000000000,0.000000000000000,0.000000000000000,0.000000000000000,0.000000000000000,0.000000000000000,3.288578142076500,38.778419999999997,0.000559335629000,0.000000000000000,0.000000000000000,0.000000000000000,0.000000000000000,0.000000000000000,0.000000000000000,0.000000000000000,0.000000000000000,0.000000000000000,0.036833893507719,0.000000000000000,0.000000000000000,0.000000000000000,0.000000000000000,0.000000000000000,0.000000000000000,0.000000000000000,0.000000000000000,0.000000000000000,0.000000000000000,0.000000000000000,0.000000000000000,0.000000000000000,0.000000000000000,0.000000000000000,0.000000000000000,0.000000000000000,0.000000000000000,0.000000000000000,0.000000000000000,0.000000000000000,0.000000000000000,0.000000000000000,0.000000000000000,0.000000000000000,0.000000000000000
1,USA,0.004583580658838,0.519949175808505,0.000000000000000,0.000000000000000,0.000000000000000,0.025943818214350,0.000000000000000,0.000000000000000,0.000000000000000,0.000000000000000,0.104615384615385,4.871032486338800,48.098730399999994,0.018027295168903,0.000172049000000,0.000000000000000,0.000000000000000,0.000000000000000,0.000000000000000,0.000000000000000,0.000000000000000,0.000000000000000,0.000000000000000,1.613061298131943,0.000000000000000,0.000000000000000,0.000000000000000,0.000000000000000,0.000000000000000,0.000000000000000,0.000000000000000,0.000000000000000,0.000000000000000,0.000000000000000,0.000000000000000,0.000000000000000,0.000000000000000,0.363329948111556,0.000000000000000,0.000000000000000,0.000000000000000,0.000000000000000,0.000000000000000,0.000000000000000,0.000000000000000,0.000000000000000,0.000000000000000,0.000000000000000,0.000000000000000,0.000000000000000
2,USA,0.149560669582258,0.615976702733078,0.000000000000000,0.000000000000000,0.000000000000000,0.037139222635130,0.000000000000000,0.000000000000000,0.000000000000000,0.000000000000000,0.115897435897436,5.281227431693990,50.124330000000000,0.025931000750365,0.022046746200000,1512.365245845578102,0.000000000000000,0.000000000000000,0.000000000000000,0.000000000000000,0.000000000000000,0.000000000000000,0.000000000000000,2.026701250076294,0.213382504143733,0.287396001399384,0.912911049609383,0.600095065118865,0.611901623104646,0.000000000000000,0.000000000000000,0.000000000000000,0.000000000000000,0.000000000000000,0.000000000000000,0.000000000000000,0.547366713294381,1.970380477089390,2.085802011880522,2.463127761045278,2.248154328606141,2.273153068867226,0.000000000000000,0.000000000000000,0.000000000000000,0.000000000000000,0.000000000000000,0.000000000000000,0.000000000000000,2.272656500323653
3,USA,0.205055976316962,0.670689918972297,0.004484808787222,0.012269938650307,0.000000000000000,0.043566362715299,0.000000000000000,0.000000000000000,0.000000000000000,0.014120667522465,0.122051282051282,5.549938896174864,50.798859999999998,0.032036368928985,0.112717713600000,4358.504631274880921,0.000000000000000,0.000000000000000,0.000000000000000,0.000000000000000,0.000000000000000,0.000000000000000,0.000000000000000,2.304148514270782,1.020735231649563,1.228498740380831,1.710802176244610,1.470304251637574,1.532037949837813,0.000000000000000,0.000000000000000,0.000000000000000,0.000000000000000,0.000000000000000,0.000000000000000,0.000000000000000,1.267924495715204,3.411562256496730,3.786876959693431,4.092445543335637,3.919745979168352,4.084741030887294,0.000000000000000,0.000000000000000,0.000000000000000,0.000000000000000,0.000000000000000,0.000000000000000,0.000000000000000,3.909604766937699
4,USA,0.245188502986792,0.713146064959472,0.011254999180259,0.020727916087451,0.000000000000000,0.048496689564245,0.000000000000000,0.000000000000000,0.000000000000000,0.022756505408804,0.128205128205128,5.732657241530053,51.182519999999997,0.036331434167620,0.494624416400000,7580.103273530913611,0.000000000000000,0.000000000000000,0.000000000000000,0.000000000000000,0.000000000000000,0.000000000000000,0.000000000000000,2.529762077331543,1.657259841445201,2.046776586707522,2.494220481829790,2.346006188988022,2.260472854287266,0.000000000000000,0.000000000000000,0.000000000000000,0.000000000000000,0.000000000000000,0.000000000000000,0.000000000000000,1.962741338480675,4.768644669642739,5.309354811449200,5.702412062414903,5.379048946891079,5.678411758290327,0.000000000000000,0.000000000000000,0.000000000000000,0.000000000000000,0.000000000000000,0.000000000000000,0.000000000000000,5.385778007834977
5,USA,0.278419602840241,0.748621238941914,0.016949152542373,0.028217066196219,0.000000000000000,0.052329157677804,0.000000000000000,0.000000000000000,0.000000000000000,0.029776038030989,0.132307692307692,5.904377868852460,51.523269999999997,0.039863668510477,1.286927571000000,11202.880411351570729,0.000000000000000,0.000000000000000,0.000000000000000,0.000000000000000,0.000000000000000,0.000000000000000,0.000000000000000,2.721573233604431,2.341937187270861,2.854563287818222,3.238569165166610,3.214605914825770,2.927449136027623,0.000000000000000,0.000000000000000,0.000000000000000,0.000000000000000,0.000000000000000,0.000000000000000,0.000000000000000,2.614937709575973,6.180573013538010,6.771921035907655,7.429382102406729,6.698290263955068,7.247525284440282,0.000000000000000,0.000000000000000,0.000000000000000,0.000000000000000,0.000000000000000,0.000000000000000,0.000000000000000,6.813131357045305
6,USA,0.307100898007536,0.777761720326025,0.022177419354839,0.035069181934538,0.000000000000000,0.055526453640650,0.000000000000000,0.000000000000000,0.000000000000000,0.035483870967742,0.135384615384615,6.029082191256831,51.793578199999999,0.043106851908591,2.608405349999999,15173.949233241382899,0.000000000000000,0.000000000000000,0.000000000000000,0.000000000000000,0.000000000000000,0.000000000000000,0.000000000000000,2.888690485954285,3.018703002029110,3.668056504136182,3.898614333295466,4.047925625463486,3.582384386850893,0.000000000000000,0.000000000000000,0.000000000000000,0.000000000000000,0.000000000000000,0.000000000000000,0.000000000000000,3.268403875682845,7.559554691899193,8.185770648812962,9.072320057617326,7.974310442217872,8.802263110630621,0.000000000000000,0.000000000000000,0.000000000000000,0.000000000000000,0.000000000000000,0.000000000000000,0.000000000000000,8.234706218656685
7,USA,0.333207097375003,0.804806130248217,0.027317909938947,0.041204981585403,0.000000000000000,0.058277027027027,0.000000000000000,0.000000000000000,0.000000000000000,0.041006523765144,0.138461538461538,6.146935245901640,52.008470000000003,0.046145830653020,4.606525948900008,19364.528461018304370,0.000000000000000,0.000000000000000,0.000000000000000,0.000000000000000,0.000000000000000,0.000000000000000,0.000000000000000,3.042510254383087,3.748634896500080,4.483909172018727,4.634696748124750,4.829537361912824,4.228630707169573,0.000000000000000,0.000000000000000,0.000000000000000,0.000000000000000,0.000000000000000,0.000000000000000,0.000000000000000,3.889501993009160,8.853475056710391,9.683545096712098,10.676635404967250,9.202235035551880,10.297894395897750,0.000000000000000,0.000000000000000,0.000000000000000,0.000000000000000,0.000000000000000,0.000000000000000,0.000000000000000,9.619381923983095
8,USA,0.357793843395810,0.830553845548375,0.032285764131066,0.047427730405326,0.000000000000000,0.060919405584013,0.000000000000000,0.000000000000000,0.000000000000000,0.045866142506143,0.141538461538462,6.269159839344261,52.218600000000002,0.049009806636982,6.962419058399999,24077.758726553176530,0.000000000000000,0.000000000000000,0.000000000000000,0.000000000000000,0.000000000000000,0.000007527378895,0.000000000000000,3.184722909927368,4.472595565602938,5.282461094503175,5.316899329737883,5.592413816580144,4.876680430172395,0.000000000000000,0.000000000000000,0.000000000000000,0.000000000000000,0.000000000000000,0.000000000000000,0.000000000000000,4.537038897814056,10.175080183322013,11.171583100599273,12.216812319088802,10.453298592654740,11.790116102288540,0.000000000000000,0.000000000000000,0.000000000000000,0.000000000000000,0.000000000000000,7.445999718296722,0.000000000000000,10.949815583479424
9,USA,0.380425805741769,0.853111267675771,0.037037037037037,0.053054940531158,0.000000000000000,0.063417091551585,0.000000000000000,0.000000000000000,0.000000000000000,0.050183939792422,0.143589743589744,6.366142076502730,52.424289999999999,0.051812339660644,9.834759755100000,29075.498969714350096,0.000000000000000,0.000000000000000,0.000000000000000,0.000000000000000,0.000000000000000,0.000628125254714,0.000000000000000,3.326524455547333,5.207985813400974,6.083595237821981,6.021752529188671,6.326733940871113,5.513555165547838,0.000000000000000,0.000000000000000,0.000000000000000,0.000000000000000,0.000000000000000,3.589574528325377,0.000000000000000,5.196500166158808,11.461520534923325,12.615550419955708,13.661152477203881,11.725898431880742,13.243225985267065,0.000000000000000,0.000000000000000,0.000000000000000,0.000000000000000,0.000000000000000,10.437317593829876,0.000000000000000,12.275457724167813
10,USA,0.401708145974218,0.874804632274880,0.041687172544563,0.058544771650360,0.000000000000000,0.065731195145612,0.000000000000000,0.000818665712283,0.000000000000000,0.054241316972675,0.146666666666667,6.469680054644810,52.619909999999997,0.054504520841372,12.859810384000003,34688.141266711674689,0.000000000000000,0.000000000000000,0.000000000000000,0.000000000000000,0.000000000000000,0.003104158243576,0.000000000000000,3.457172966003418,5.952866954127936,6.878841105428420,6.681605415075203,7.084201859934073,6.175566101571155,0.000000000000000,0.000000000000000,0.000000000000000,0.000000000000000,0.000000000000000,5.080047974175383,0.000000000000000,5.837813598163115,12.747374214695300,14.068969450377459,15.074758388466062,13.039469926204319,14.620386579920824,0.000000000000000,0.000000000000000,0.000000000000000,0.000000000000000,0.000000000000000,12.392734473988151,0.000000000000000,13.613338495691227
11,USA,0.422994024769442,0.895755971487745,0.046400693044170,0.063968857578855,0.000000000000000,0.067966573816156,0.000000000000000,0.005030181086519,0.000000000000000,0.057971014492754,0.148717948717949,6.553462021857920,52.812956100000001,0.057083478811523,16.257201919899998,41265.122671053628437,0.000000000000000,0.000000000000000,0.000000000000000,0.000000000000000,0.000000000000000,0.008217521890475,0.000000000000000,3.588737585544587,6.699882611916945,7.685539356218769,7.309140188199025,7.852526302899402,6.817942677880378,0.000000000000000,0.000000000000000,0.000000000000000,0.000000000000000,0.000000000000000,6.271326996080079,0.000000000000000,6.475657137565809,14.062792306436075,15.556064546315874,16.397223528846538,14.329635668385588,15.989054664897120,0.000000000000000,0.000000000000000,0.000000000000000,0.000000000000000,0.000000000000000,13.977151704632265,0.000000000000000,14.872868101548480
12,USA,0.443598855521547,0.915181618168438,0.051391428341440,0.069371920944340,0.000000000000000,0.070090507261629,0.000000000000000,0.007633587786260,0.000000000000000,0.061663619553503,0.150769230769231,6.616434918032790,52.997210000000003,0.059512745413587,19.826784322399998,48203.032362112237024,0.000000000000000,0.000000000000000,0.000000000000000,0.000000000000000,0.000000000000000,0.017425394770869,0.000000000000000,3.707596998214722,7.460061289882099,8.450562382100202,7.956388279534212,8.650289721331657,7.471039929335368,0.000000000000000,0.000000000000000,0.000000000000000,0.000000000000000,0.000000000000000,7.273565774747282,0.000000000000000,7.129115927613747,15.362308265516816,17.004161962760733,17.641200049778679,15.684297030597721,17.346302997796794,0.000000000000000,0.000000000000000,0.000000000000000,0.000000000000000,0.000000000000000,15.537313454531272,0.000000000000000,16.128716598588102
13,USA,0.463704529786867,0.934134130699974,0.056151489595512,0.074626865671642,0.000000000000000,0.072194839083792,0.000000000000000,0.009593187520248,0.003603603603604,0.065031982942431,0.152820512820513,6.673876601092893,53.187633500000004,0.061946856494459,23.788200000000000,55674.736225997650763,0.000000000000000,0.000000000000000,0.000000000000000,0.000000000000000,0.000000000000000,0.031418196216271,0.000000000000000,3.829288334846496,8.235421682532227,9.230154634758916,8.619333599916184,9.451531541674928,8.147712881243704,0.000000000000000,0.000000000000000,0.000000000000000,0.000000000000000,0.000000000000000,8.249574838603593,0.000000000000000,7.771793491374662,16.611790276814780,18.392565286106731,18.891552711177372,17.031457936719239,18.685627281597924,0.000000000000000,0.000000000000000,0.000000000000000,0.000000000000000,0.000000000000000,17.081121249215677,0.000000000000000,17.388720106062262
14,USA,0.482970508622077,0.953142062844040,0.060895208994398,0.079699121965989,0.000000000000000,0.074100928074246,0.000000000000000,0.011386967129068,0.006622516556291,0.068232423691705,0.153846153846154,6.738475422950820,53.387120000000003,0.064327201014886,28.281452161600004,63898.023559792520246,0.000000000000000,0.000000000000000,0.000000000000000,0.000000000000000,0.000000000000000,0.055277042642137,0.000000000000000,3.948102564811707,9.005742277778287,9.985031108312286,9.301460193702658,10.207638762669767,8.807513775145033,0.000000000000000,0.000000000000000,0.000000000000000,0.000000000000000,0.000000000000000,9.150154182772219,0.000000000000000,8.449872288162041,17.776503321648928,19.724483447437173,20.163020658306493,18.391195614914491,19.980607136646896,0.000000000000000,0.000000000000000,0.000000000000000,0.000000000000000,0.000000000000000,18.555923387958870,0.000000000000000,18.662229325706811
15,USA,0.501412968789872,0.971760519907706,0.065868263473054,0.084676262202215,0.000000000000000,0.075955056179775,0.000000000000000,0.013043478260870,0.008528784648188,0.071466390656078,0.155897435897436,6.797510382513660,53.601686500000000,0.066753634750789,33.505244048000009,72652.557919200044125,0.000000000000000,0.000000000000000,0.000000000000000,0.000000000000000,0.000000000000000,0.092482550169610,0.000000000000000,4.065366387367249,9.769574162186130,10.733176602012962,9.962777743720928,10.991668907766943,9.508687994808943,0.000000000000000,0.000000000000000,0.000000000000000,0.000000000000000,0.000000000000000,10.075836720336570,0.000000000000000,9.150629184525490,19.040380505490635,21.049715855208692,21.407799350534997,19.680841718344343,21.269938674053368,0.000000000000000,0.000000000000000,0.000000000000000,0.000000000000000,0.000000000000000,20.007222097276500,0.000000000000000,19.879417696737768
16,USA,0.520154428069843,0.989358686449658,0.070891514500537,0.089852614214666,0.000000000000000,0.077699736611062,0.000000000000000,0.014657980456026,0.010152284263959,0.074546366486929,0.156923076923077,6.855898633879780,53.791379999999997,0.069128436260424,39.024362860799997,82333.344933024432976,0.008200755792843,0.000000000000000,0.000000000000000,0.065998435003254,0.000000000000000,0.148636174619873,0.000000000000000,4.181599502563476,10.541209532234610,11.504411330256895,10.635358141955749,11.792413114020697,10.189248808129642,4.686272008910674,0.000000000000000,0.000000000000000,1.921082163995096,0.000000000000000,10.959793632402901,0.000000000000000,9.855948273840353,20.282294946774563,22.368623965878779,22.685882737802704,21.050189702420472,22.552007687346492,14.160539881479750,0.000000000000000,0.000000000000000,15.421556836445308,0.000000000000000,21.393664876574988,0.000000000000000,21.070608317958740
17,USA,0.538376297962459,1.006830245289378,0.075853097849812,0.094827586206897,0.000000000000000,0.079423328964613,0.000000000000000,0.016260162601626,0.011654209884615,0.077519379844961,0.158974358974359,6.908630021311475,53.978240000000000,0.071562395863377,45.258237179100000,93123.811351046912023,0.012237762237762,0.000000000000000,0.000000000000000,0.084314854425209,0.000000000000000,0.223063614669059,0.000000000000000,4.296658334732056,11.323572314193832,12.260122302102932,11.328417295239742,12.622565451796472,10.910036690460519,7.203672427841680,0.000000000000000,0.000000000000000,5.696146129258767,0.000000000000000,11.837491192575943,0.000000000000000,10.570188412588998,21.502730718238652,23.661429179434656,23.931231862654254,22.478164975705862,23.817384427990909,17.315074223462151,0.000000000000000,0.000000000000000,19.306158826129167,0.000000000000000,22.804023833307941,0.000000000000000,22.223738205411795
18,USA,0.556907485486341,1.024510204206424,0.080960504430498,0.099574547376854,0.000000000000000,0.080991735537190,0.000000000000000,0.017824545027264,0.013042197874559,0.080381862508637,0.160000000000000,6.957545628415300,54.160999600000004,0.074001895658856,51.522171755199992,104221.710818453328102,0.015503875968992,0.000000000000000,0.000000000000000,0.096730658836866,0.000000000000000,0.322473084918426,0.000000000000000,4.412717828750610,12.109177600411137,13.004025804085630,12.025747214266044,13.439732396044400,11.682660240291755,8.903546951397738,0.000000000000000,0.000000000000000,7.545570771767911,0.000000000000000,12.691681073196275,0.000000000000000,11.304001796431487,22.796424040256895,24.992916813668657,25.205604797188705,23.770628726508832,25.041632390285326,19.657420869405591,0.000000000000000,0.000000000000000,21.823881479971384,0.000000000000000,24.256050687375073,0.000000000000000,23.412675770267345
19,USA,0.574079418639990,1.041874456671796,0.086296913966884,0.104519774011299,0.000000000000000,0.082665192148189,0.000000000000000,0.019427071805437,0.014352802150942,0.083132189776053,0.161025641025641,7.008583333333330,54.359540000000003,0.076362403873938,57.728243053400000,115973.643106956718839,0.018924103857879,0.000000000000000,0.000000000000000,0.108689684933169,0.000000000000000,0.442558401717684,0.000000000000000,4.527474761009216,12.905879911835379,13.764421668956331,12.745175274546225,14.273289637757630,12.417368724732103,10.413403520922904,0.000000000000000,0.000000000000000,9.052948982332108,0.000000000000000,13.559487440058735,0.000000000000000,12.017730096769082,24.094894842501848,26.398466429353505,26.402137208902843,25.165521390027159,26.265648591341765,21.734599953236717,0.000000000000000,0.000000000000000,23.819821901745748,0.000000000000000,25.533406432551367,0.000000000000000,24.647038064989975
20,USA,0.591960155157471,1.059107237299443,0.091527520098949,0.109489051094891,0.000000000000000,0.084310096648160,0.000000000000000,0.021013597033375,0.015564202334630,0.085995085995086,0.163076923076923,7.057365846994540,54.538449999999997,0.078766910187336,64.712362420000005,128156.720658754988108,0.022314049586777,0.000000000000000,0.000000000000000,0.124187481066369,0.000000000000000,0.583405226639670,0.000000000000000,4.634169006347656,13.722256847130073,14.531890519194537,13.481746934261210,15.097477333657535,13.205800842510932,11.813379235343536,0.000000000000000,0.000000000000000,10.314623346534482,0.000000000000000,14.442332909355013,0.000000000000000,12.791534371823472,25.442171386260888,27.668647500693730,27.582223525627796,26.476215961302351,27.470767964598647,23.618573208343904,0.000000000000000,0.000000000000000,25.550839008621750,0.000000000000000,26.896865289307200,0.000000000000000,25.855057992458566
21,USA,0.609163763285571,1.075987287374639,0.096880771354698,0.114509380502387,0.000000000000000,0.085862283337283,0.000000000000000,0.022624434389140,0.016752577319588,0.088703747195028,0.164102564102564,7.109470983606560,54.730980000000002,0.081222269134122,72.152487532500004,141201.770230474969139,0.026019571397332,0.000000000000000,0.000000000000000,0.144669508473026,0.000000000000000,0.753974574341700,0.000000000000000,4.739156494140625,14.548457035608013,15.294272613309571,14.220410482682277,15.913548815189795,14.001597324877618,13.113945304776065,0.000000000000000,0.000000000000000,11.466442152968161,0.000000000000000,15.281399395360200,0.000000000000000,13.540612778916358,26.764205591432255,29.006226020763677,28.789475875786579,27.827304339216028,28.674745807226422,25.425922972537478,0.000000000000000,0.000000000000000,27.057434679158089,0.000000000000000,28.276351239592081,0.000000000000000,27.058369563605456
22,USA,0.626477055602536,1.092791682016936,0.102469689113455,0.119262451218272,0.000000000000000,0.087477954144621,0.000000000000000,0.024180967238690,0.017918088737201,0.091445427728614,0.165128205128205,7.158273770491800,54.933134400000000,0.083595049463686,80.695728667200001,153938.909014680044493,0.029725124281498,0.000000000000000,0.000000000000000,0.168134735985083,0.000000000000000,0.945957844969583,0.000000000000000,4.844129915237427,15.414606341716215,16.103420564073627,14.956631019444384,16.776042643245589,14.782332853653557,14.396787736285733,0.000000000000000,0.000000000000000,12.562689952460875,0.000000000000000,16.161546837211095,0.000000000000000,14.342008781051353,28.121048687194847,30.268149946226057,30.033525783428960,29.141282767961197,29.875302819237522,27.157553610591318,0.000000000000000,0.000000000000000,28.546817600373654,0.000000000000000,29.606537234074381,0.000000000000000,28.259172434243123
23,USA,0.643690073831360,1.108697122146346,0.107983767254272,0.124130577663153,0.002991772625280,0.088993623509842,0.000000000000000,0.025796754817999,0.019091767041795,0.094024647602457,0.166153846153846,7.207327595628420,55.137415099999998,0.086062008310445,90.018177176500004,167981.382992048485903,0.033573141486811,0.000000000000000,0.000000000000000,0.191614931331314,0.000000000000000,1.176737254833712,0.000000000000000,4.953350529670716,16.301830850850269,16.890148280547002,15.734937879401315,17.649102839919017,15.588629700637822,15.570429147189452,0.000000000000000,0.000000000000000,13.645318738983578,0.000000000000000,17.036557212921075,0.000000000000000,15.167538033953196,29.513398799614922,31.568251483818070,31.224418682037747,30.469895769581107,31.088910863341098,28.863311298736029,0.000000000000000,0.000000000000000,29.966535187389844,0.000000000000000,30.979573920842338,0.000000000000000,29.466493079898630
24,USA,0.661213484976942,1.125411785296968,0.113451993620415,0.129032258064516,0.006024096385542,0.090446241389638,0.000000000000000,0.027426160337553,0.020214331373099,0.096717662695264,0.167179487179487,7.251019125683060,55.337069999999997,0.088609843643489,99.376005751599976,182185.855477281438652,0.037647058823529,0.000000000000000,0.000000000000000,0.213347338135358,0.000000000000000,1.450873240454994,0.000000000000000,5.060010051727295,17.196136032746047,17.675443554910760,16.540050826688070,18.504666924610422,16.450742773898174,16.748241137864760,0.000000000000000,0.000000000000000,14.704621867170330,0.000000000000000,17.933567286938931,0.000000000000000,16.007992944884915,30.967313319757032,32.797875147495610,32.430443509245499,31.775027627057391,32.256466045873680,30.542812482967005,0.000000000000000,0.000000000000000,31.414991351825698,0.000000000000000,32.289883079602355,0.000000000000000,30.710911719102217
25,USA,0.679309375547565,1.141603912949141,0.119351527658577,0.133936311110657,0.007915567282322,0.091937054411596,0.000000000000000,0.029036004645761,0.021324354657688,0.099287201292786,0.168205128205128,7.296031557377050,55.515329999999999,0.091164891645666,109.553821800000009,197049.171163098537363,0.041867473360608,0.000000000000000,0.000000000000000,0.237163178021136,0.000000000000000,1.768250394939486,0.000000000000000,5.159512281417847,18.091946782305858,18.506762036809466,17.378365455794750,19.368561073052412,17.332741682634929,17.872981425743021,0.000000000000000,0.000000000000000,15.697885447300212,0.000000000000000,18.841797953147399,0.000000000000000,16.890249727752934,32.416240858349212,34.037976619245448,33.608029301369172,33.083301220617678,33.431186007188643,32.178658879001496,0.000000000000000,0.000000000000000,32.768074330657242,0.000000000000000,33.706073669739098,0.000000000000000,31.933359364194459
26,USA,0.696547794026167,1.157630111759403,0.125108754310560,0.138866490987270,0.009433962264151,0.093388066265943,0.000000000000000,0.030721966205837,0.022388059701493,0.101739130434783,0.169230769230769,7.337294535519130,55.684199799999995,0.093507434446191,120.921544978000000,212194.488988465018338,0.046382189239332,0.000000000000000,0.000000000000000,0.263385156727202,0.000000000000000,2.124015668799292,0.000000000000000,5.260774059295654,19.020047309236794,19.348341462419743,18.218406624151267,20.256300808192382,18.239225473491132,18.980657715553352,0.000000000000000,0.000000000000000,16.715161384914953,0.000000000000000,19.763344152948829,0.000000000000000,17.808512355400477,33.859412913424052,35.318987342332804,34.706095242833975,34.401533489361462,34.635724072277519,33.831195005695164,0.000000000000000,0.000000000000000,34.053964935072869,0.000000000000000,35.056514440738979,0.000000000000000,33.165355409118099
27,USA,0.713614085422484,1.172894659941060,0.131333654557944,0.143729178412178,0.010799082252821,0.094808126410835,0.000000000000000,0.032402687196094,0.023433367433765,0.104295811572608,0.170256410256410,7.382681002732243,55.857288599999997,0.095976177119305,131.275427333000096,228414.671306812495459,0.050970873786408,0.000000000000000,0.000000000000000,0.290229966315661,0.000737428462662,2.539716356197756,0.000000000000000,5.361629352569580,19.966465555362127,20.177557369613957,19.053856165226826,21.154093117421120,19.165903173595559,20.100033667435067,0.000000000000000,0.000000000000000,17.730594351083088,0.000000000000000,20.679776556499071,0.000000000000000,18.747602687563536,35.318591114665381,36.638913103923990,35.936256954912729,35.793100723602628,35.865305204124411,35.432702872553044,0.000000000000000,0.000000000000000,35.393764600543662,12.179024363510941,36.364877620804990,0.000000000000000,34.413201504044615
28,USA,0.730664966516997,1.189301564354277,0.137533527006221,0.148632933550967,0.012048192771084,0.096235795454545,0.000000000000000,0.034090909090909,0.024489795918367,0.106834249803614,0.171282051282051,7.426122595628420,56.028919999999999,0.098429354255282,142.558739416000037,245559.378661933151307,0.055730158575135,0.000000000000000,0.000000000000000,0.316242686638936,0.011208259133102,3.018982666541738,0.000000000000000,5.462610168457031,20.910643730457572,21.013080506407192,19.904909828712928,22.110884295362165,20.096144942296338,21.179621716351289,0.000000000000000,0.000000000000000,18.782589499822045,5.793393586927950,21.653354599868528,0.000000000000000,19.663828390051204,36.764157695411214,37.920551081902104,37.104279648707163,37.132612983381335,37.027658283443031,37.081450037857152,0.000000000000000,0.000000000000000,36.615404540899462,27.553813165275280,37.678634027485423,0.000000000000000,35.669459182582763
29,USA,0.748435173323488,1.204896726994887,0.143956467696828,0.153526970954357,0.013227513227513,0.097666541211893,0.000000000000000,0.035805626598465,0.025527192008879,0.109278350515464,0.172307692307692,7.470703825136610,56.205900000000000,0.100904173281662,154.716144315999998,263170.678281315718777,0.060780065454931,0.000000000000000,0.068986839392574,0.344173512389401,0.021704317653248,3.570526224504439,0.000000000000000,5.559599876403809,21.905465279988867,21.898051034464494,20.783883278730219,23.019356030162722,21.074656226635959,22.259851234411837,0.000000000000000,4.761493749203874,19.818188570073172,9.614949035416537,22.621155005629543,0.000000000000000,20.607513301996285,38.242981668477057,39.247293601893347,38.232465075997432,38.512647414770960,38.220059234684655,38.672179027154812,0.000000000000000,23.098500566895389,37.872544537127041,31.424786572468062,39.018652589082031,0.000000000000000,36.916651769171906
30,USA,0.765270462377756,1.220084701672164,0.150218023716417,0.158388003748828,0.014344262295082,0.098998544160466,0.000000000000000,0.037433155080214,0.026554630444307,0.111807921539720,0.173333333333333,7.509673770491800,56.391520000000000,0.103484764176610,166.819132650000029,281132.294807318365201,0.065880039331367,0.000000000000000,0.084163841694563,0.373576633123735,0.033669219741274,4.146447180800847,0.000000000000000,5.656389474868774,22.899722269645643,22.777300467719101,21.683436437812585,23.983299147913311,22.060749132771207,23.365488624886517,0.000000000000000,9.278311870834065,20.850132724132965,12.012743180788998,23.557465022660608,0.000000000000000,21.600218069841308,39.681487875892195,40.550830873368902,39.380255357699220,39.867095907791480,39.451753134309790,40.329538773265142,0.000000000000000,28.244813996088794,39.151681602757861,34.248718142049469,40.370065062611495,0.000000000000000,38.204081987679068
31,USA,0.782784657848054,1.235721730677521,0.156761936833658,0.163274355125462,0.015467904098995,0.100414555504376,0.000000000000000,0.039215686274510,0.027595269382392,0.114285714285714,0.174358974358974,7.547526896721314,56.588617300000003,0.106181975839110,180.006269336999992,300316.014209852204658,0.071428571428571,0.000000000000000,0.093005665985289,0.405125158077869,0.048282276894130,4.808245659073932,0.000000000000000,5.754083409309387,23.927430664328202,23.692925837525745,22.632603631693236,24.914508064536562,23.104912685032467,24.452072616049868,0.000000000000000,12.175114081318569,21.931742625451552,13.933567492365086,24.543328809465532,0.000000000000000,22.601904861387833,41.134817573639580,41.891049282242491,40.566015452738853,41.206449811925133,40.648823418577607,41.964214917076752,0.000000000000000,31.550472380785582,40.399980550009090,36.589632711342418,41.770534226461763,0.000000000000000,39.502297423239732
32,USA,0.801176024476447,1.251242282246543,0.163683253874530,0.168250110019954,0.016512852557730,0.101830663615561,0.000000000000000,0.040955631399317,0.028608582574772,0.116828459790855,0.175384615384615,7.585003579234970,56.814843599999996,0.108798883431617,194.849693636000012,320319.019099044846371,0.077181208053691,0.000000000000000,0.097641807102201,0.436276245872467,0.064897557331978,5.527599532398034,0.000000000000000,5.847482700347901,24.958261633949729,24.609637352541984,23.612636527639040,25.885538709526436,24.156829358144904,25.583443969582664,0.000000000000000,14.412979694392897,23.003752859278546,15.587342978893195,25.559151975825724,0.000000000000000,23.648129384322662,42.663396235038704,43.231792818035103,41.787441733466650,42.568002085142908,41.828179821689282,43.647834860505704,0.000000000000000,34.287914906126908,41.681526988790736,38.732965639649230,43.228363217295282,0.000000000000000,40.780534976574899
33,USA,0.818810279948922,1.266775190041152,0.170616113744076,0.173497580719241,0.017599387163561,0.103151862464183,0.000000000000000,0.042682926829268,0.029619181946403,0.119213579993230,0.176410256410256,7.621737158469950,57.052540000000000,0.111596620385942,211.331283495999998,340820.496861842810176,0.082926829268293,0.000000000000000,0.101550087127388,0.470417636723092,0.083383926202814,6.330724203170448,0.000000000000000,5.943435134887696,26.016338193550812,25.511366798072167,24.601215613947932,26.864352432858091,25.213913992994332,26.643887887797653,0.000000000000000,16.351139068154335,24.114362613713276,17.126654919482114,26.563412630862981,0.000000000000000,24.693756312158445,44.210087216607057,44.506380618401998,42.986736598274135,43.948993085528038,43.015583702993752,45.354784568643694,0.000000000000000,36.674859537282558,42.997899831473092,40.654361477464853,44.558600273367446,0.000000000000000,42.083723962121248
34,USA,0.836644514004326,1.282882086282895,0.177616963720727,0.178623718887262,0.018633540372671,0.104630611523507,0.000000000000000,0.044472602583834,0.030645060420828,0.121532364597094,0.177435897435897,7.659416721311479,57.264094800000002,0.114157135229361,228.218779205999994,361819.627766362682451,0.089041095890411,0.000000000000000,0.106009117460924,0.504835087850421,0.105543450449649,7.207733715793887,0.000000000000000,6.037546138763428,27.056097804842633,26.482140423470462,25.648259259135546,27.872172517320227,26.326479196867691,27.783132552755408,0.000000000000000,18.122251545641660,25.246602779705619,18.620831607016171,27.574096457388642,0.000000000000000,25.773517333949325,45.699495801279326,45.828687117314445,44.201687683170093,45.293405191555877,44.232973253827076,46.990772452824537,0.000000000000000,38.806022869487684,44.287678818593257,42.411597905070295,45.947970503057178,0.000000000000000,43.392948489943144
35,USA,0.854836025077102,1.298426714648053,0.184796193165477,0.183641364539561,0.019744311178833,0.106003430531732,0.000000000000000,0.046316414551819,0.031651195277947,0.123822341857335,0.178461538461539,7.695910655737700,57.466510000000000,0.116926661767234,242.755512054999969,383238.940948422241490,0.095157104587566,0.000000000000000,0.110896466987933,0.540076364796087,0.130104197254548,8.232762850359283,0.000000000000000,6.136409592628479,28.142309202521830,27.477134204645605,26.692929781616449,28.874922637869005,27.455889851521377,28.875244152535597,0.000000000000000,19.872701157280250,26.367930910099950,20.062465791968606,28.617588890347456,0.000000000000000,26.898670069243188,47.167898992708899,47.144967884004721,45.401558117025488,46.718479934504657,45.512644737184544,48.649652082834159,0.000000000000000,40.858655796620646,45.540528550719678,44.138697961881185,47.313959475214510,0.000000000000000,44.767800598015945
36,USA,0.873044995730338,1.314240041381834,0.192169076170522,0.188888888888889,0.020790020790021,0.107380830343414,0.000000000000000,0.048118253000801,0.032634032634033,0.126243590768422,0.179487179487180,7.732351092896170,57.656835199999996,0.119573313919705,257.684428695999941,406244.154695380828343,0.101694915254237,0.000000000000000,0.116464811776592,0.576378949236115,0.158511162904398,9.368583341418439,0.000000000000000,6.233739624023438,29.236854128487408,28.463670997269375,27.739996527844433,29.874903780748365,28.589635655255123,29.979605755425435,0.000000000000000,21.505221751953943,27.526456332122375,21.470608189711101,29.645873662711086,0.000000000000000,28.049458626240920,48.683010349002430,48.449678142141586,46.618811487663685,48.154939018845212,46.719892598903314,50.299371977022481,0.000000000000000,42.855129290447920,46.778235084352062,45.817013290983823,48.723520899597155,0.000000000000000,46.180388290052292
37,USA,0.891571895790341,1.330066831267727,0.199579758115474,0.193982538610807,0.021857923497268,0.108763203430926,0.000000000000000,0.050000000000000,0.033632286995516,0.128640776699029,0.180512820512820,7.767201284153010,57.848170000000003,0.122196979684697,273.906785292999928,429628.581111584964674,0.108044164037855,0.000000000000000,0.122889943770620,0.614764940868296,0.189392470646637,10.637412513492945,0.000000000000000,6.328131341934204,30.295925684519460,29.501283649226988,28.897512907094487,30.937383587259184,29.776042679476440,31.090715653013184,0.000000000000000,23.067205653577602,28.721815841044730,22.858268830211120,30.712739330603561,0.000000000000000,29.236567660976540,50.195655439222769,49.760616961549758,47.884640954453261,49.576232448408227,47.992103773825981,51.920461876278004,0.000000000000000,44.766564351775614,48.024483714263326,47.480344085063095,50.096954052520900,0.000000000000000,47.516150261581700
38,USA,0.910677726516669,1.345991742988238,0.207095345342532,0.199095022624434,0.022901662603414,0.110150319060545,0.000000000000000,0.051860202931229,0.034627212631424,0.131103273080582,0.181538461538462,7.799636918032788,58.021560000000001,0.124718454380342,290.513815214000033,452717.813661633175798,0.114583333333333,0.000000000000000,0.130407071092988,0.654281919040247,0.221588272733513,12.091079174906133,0.000000000000000,6.421754541397095,31.425613428251804,30.539266954573900,30.053941357475701,32.025655794929691,30.964862973320539,32.225314388955361,0.000000000000000,24.605506343215566,29.939357552963369,24.227744338818987,31.793592271265538,0.000000000000000,30.466864938281152,51.736089113233099,51.099407073698742,49.134268098210931,50.999812219443008,49.240781570056569,53.567787378279220,0.000000000000000,46.619227972493121,49.318762401884939,49.067373955181353,51.492385252401100,0.000000000000000,48.861295933119600
39,USA,0.929182093168622,1.361676720361900,0.214694180069911,0.204324651215121,0.023985682412656,0.111513924839736,0.000000000000000,0.053708439897698,0.035620052770449,0.133369521510680,0.182564102564102,7.834058005464480,58.237769999999998,0.127316912283472,308.235269031000030,477431.258686862362083,0.121661721068249,0.000000000000000,0.139338722715508,0.695308897833462,0.257164551560069,13.754274315334730,0.000000000000000,6.518575282096863,32.623400405952673,31.593208612546551,31.268764289500833,33.078867697447265,32.233543685205859,33.358647160026813,0.000000000000000,26.187393773558831,31.216228909969153,25.537421420998665,32.929198880997539,0.000000000000000,31.714585873840097,53.170278379404614,52.451886240667939,50.334900156082114,52.426638768170314,50.475442826364144,55.213565482722856,0.000000000000000,48.324774905420398,50.633725379418550,50.578961782922214,52.897546213645498,0.000000000000000,50.245980800765899
40,USA,0.948509476609138,1.377316027360367,0.222556390977444,0.209491850431448,0.025032938076416,0.112850382235166,0.000000000000000,0.055591054313099,0.036603221083455,0.135675675675676,0.183589743589744,7.867539071038250,58.450110000000002,0.129856368580068,328.768871400000080,504097.574122037505731,0.128598848368522,0.000000000000000,0.149988753884226,0.738352425730087,0.295659622794912,15.550982773176335,0.000000000000000,6.614341926574709,33.802727945272913,32.707109365369256,32.492311316976519,34.179721808098819,33.519881426763021,34.527476562880246,0.000000000000000,27.672422705223429,32.480707865520216,26.823827543719908,34.047967457546733,0.000000000000000,32.998616080008496,54.641621697939513,53.780280867062999,51.587139838836535,53.837376908078085,51.706845313258185,56.831256383066091,0.000000000000000,50.065317875193337,51.957435750656046,52.158400440734901,54.284700260364168,0.000000000000000,51.622829810333933
41,USA,0.968019515439544,1.392934101859438,0.230439442658092,0.214689265536723,0.026109660574413,0.114279766860949,0.000000000000000,0.057613168724280,0.037573929532219,0.137985455171823,0.184615384615385,7.899701912568310,58.666440000000001,0.132502513043295,351.176437583999984,530609.506157672498375,0.136064166143318,0.000000000000000,0.162471467941091,0.782152789541806,0.336166053678512,17.512080422140077,0.000000000000000,6.710000896453858,35.020611094225004,33.788047320582471,33.711300034724331,35.318247063924858,34.795486355117845,35.699443132030545,0.000000000000000,29.252873443036204,33.743766870244052,28.141706362840083,35.247920381902517,0.000000000000000,34.344818929709568,56.106430173089755,55.154421424097016,52.888628619431671,55.197121190036839,52.999953142073430,58.470931230071372,0.000000000000000,51.815980091796369,53.261538883163965,53.636168162414648,55.663651673226767,0.000000000000000,53.053351052749463
42,USA,0.987320827238939,1.407703144758281,0.238980709054178,0.220070422535211,0.027180511788195,0.115656268393172,0.000000000000000,0.059665871121718,0.038543897216274,0.140322171624901,0.185641025641026,7.930879508196720,58.857579600000001,0.135059944900176,373.777862572000004,557854.006352947792038,0.143451496937103,0.000000000000000,0.176198860785275,0.829239601533413,0.378646982403704,19.606715515098170,0.000000000000000,6.803185424804687,36.317352252683698,34.865012037907292,34.992445832724435,36.504341082296278,36.132570615026815,36.875797449123112,0.000000000000000,30.704617059751946,35.076348107247846,29.436708720509444,36.411399954160437,0.000000000000000,35.662829725121966,57.651033709432141,56.525431451006362,54.133554737062404,56.636044222889687,54.287696753657755,60.066718197422041,0.000000000000000,53.504866659292787,54.608291739243086,55.170556916883363,57.068526485664080,0.000000000000000,54.479157560821093
43,USA,1.007280150663587,1.423546089861480,0.247501308730779,0.225418140404065,0.028282828282828,0.117170497696744,0.000000000000000,0.061598951507208,0.039530619645734,0.142683506573343,0.186666666666667,7.960031857923500,59.057976900000000,0.137790092354088,397.389964421000002,585697.402222576667555,0.151260847756928,0.000000000000000,0.189754808428980,0.877617475579821,0.423467892797385,21.986359954260493,0.000000000000000,6.898709440231323,37.603126886522638,36.026441964602029,36.361521175223793,37.640670641557222,37.489435179790931,38.051240394519425,0.000000000000000,32.289301105940751,36.429061974010658,30.778229971026740,37.643547855846478,0.000000000000000,37.110773507419864,59.171440869629294,57.853600829619992,55.392656533479773,58.088666003137071,55.625761513886516,61.747458960478816,0.000000000000000,55.160390928959046,55.996917120216182,56.614992589476977,58.510081040065145,0.000000000000000,55.848378481493967
44,USA,1.027154261924008,1.439507763181569,0.256245944465772,0.230857447553561,0.029357798165138,0.118598782841027,0.000000000000000,0.063706563706564,0.040498442367601,0.145056854326606,0.187692307692308,7.989296065573765,59.235219999999998,0.140374713892526,422.677999999999997,616118.765858113067225,0.159186036208984,0.000000000000000,0.201453733987068,0.928313048392150,0.473512880254282,24.820586027207156,0.000000000000000,6.994694576263428,38.891905508650780,37.219058084594266,37.704225562103687,38.857562144229007,38.892583705118483,39.268477333167425,0.000000000000000,33.859375221295842,37.808900758233563,32.220550131507522,38.879370907922237,0.000000000000000,38.526615416802592,60.655805359190040,59.184975123832004,56.681866243096820,59.469772562031658,56.932241454416683,63.378022448284604,0.000000000000000,56.794516198027061,57.360822830321162,58.060187398928207,60.015313933749418,0.000000000000000,57.343836410407903
45,USA,1.047903766867824,1.455513407571129,0.265105507355434,0.235897435897436,0.030501089324619,0.119958383814434,0.000000000000000,0.065824496923902,0.041471864939205,0.147505012782184,0.188717948717949,8.016236530054639,59.412277000000003,0.142927814483081,449.958411819999924,646277.698528906097636,0.167580546156841,0.000000000000000,0.211378024337817,0.980265244737802,0.523093273948497,27.907389067107736,0.000000000000000,7.089464926719666,40.185898410819334,38.433166366297392,39.111838279150810,40.099940136590760,40.319366306863778,40.565791443977105,0.000000000000000,35.383611432864321,39.275799750675361,33.675333567084166,40.212192956506506,0.000000000000000,40.014789715638834,62.152364875654690,60.538482765627947,57.970697976212612,60.896234676621354,58.305860790205095,64.936310055698826,0.000000000000000,58.532602705737879,58.705426370352313,59.587858535591714,61.434548378992595,0.000000000000000,58.774193055772351
46,USA,1.068390895904126,1.471436612367459,0.273951535373714,0.241545893719807,0.031657355679702,0.121393697292499,0.000000000000000,0.067919226146255,0.042424242424242,0.149949341438703,0.189743589743590,8.044342896174861,59.577159999999999,0.145477408055225,477.856910784000036,678080.669211699976586,0.176084385533909,0.000000000000000,0.221601508328033,1.034599466993489,0.579188459325261,31.321665162382676,0.000000000000000,7.185110235214234,41.588141204411208,39.647149719349557,40.561074905988008,41.373324176357102,41.816799573897327,41.880061823344057,0.000000000000000,36.972784364788907,40.771702753970928,35.115709858650149,41.471948966895866,0.000000000000000,41.571366523260380,63.689849738467579,61.965805333407729,59.303058950271932,62.341782230924395,59.611624393167403,66.495266137458913,0.000000000000000,60.195636533293424,60.085066969969226,61.047746776571422,62.891958575045031,0.000000000000000,60.264300085033959
47,USA,1.088597673161500,1.487297249093295,0.283451844158476,0.247379503803076,0.032835820895522,0.122762665588027,0.000000000000000,0.070110701107011,0.043440276860192,0.152353432813589,0.190769230769231,8.071619672131151,59.732729999999997,0.148136364760473,507.463000000000022,710739.351325587602332,0.184446252762708,0.000000000000000,0.232059295390877,1.091296283801043,0.640343380992806,35.184449358211310,0.000000000000000,7.282412519454955,42.960488004062213,40.907681595455642,42.019493428824319,42.682104690517974,43.361006931387870,43.167985780104566,0.000000000000000,38.575766647125981,42.241034411624575,36.545621793348147,42.779700775909319,0.000000000000000,43.112389540981923,65.154777047004131,63.334084332715996,60.638594675070692,63.794053436396602,61.024171027180458,68.113379724933566,0.000000000000000,61.855614988656157,61.485580414656759,62.598677674289348,64.312400820210129,0.000000000000000,61.771006951631811
48,USA,1.109737436049361,1.503456203051804,0.292699106095538,0.253053864423717,0.034023668639053,0.124319724316490,0.000000000000000,0.072289156626506,0.044460641399417,0.154727550768805,0.191794871794872,8.098790336612025,59.877282000000001,0.150880071864157,536.997996063999949,744148.583852847572416,0.192982456140351,0.000000000000000,0.243563833739757,1.150784520831004,0.700480166573574,39.511461535445278,0.000000000000000,7.376912631988525,44.395037485695035,42.240124220600329,43.495770828534610,43.997943972347919,44.885667654311106,44.502080978109802,0.000000000000000,40.213824423620743,43.713932950461256,38.045320634143884,44.113748762200252,0.000000000000000,44.708515549118182,66.677703416444174,64.738339378743760,62.052426415416228,65.243025020575118,62.415494889911734,69.744641536263430,0.000000000000000,63.477860923196204,62.906054855228597,64.137159844632649,65.752721083190266,0.000000000000000,63.276700017283716
49,USA,1.130406314765321,1.519615643094909,0.302191464821223,0.258795779390856,0.035222052067381,0.125803489439853,0.000000000000000,0.074641697169665,0.045482011018875,0.157109765389735,0.192820512820513,8.127483879781421,60.057589999999998,0.153382053447075,569.955497638999987,780492.370194400078617,0.201834862385321,0.000000000000000,0.255765098668444,1.211876270388415,0.760380065134710,44.646014605180682,0.000000000000000,7.472828712463379,45.873850348420312,43.558503489952891,45.084787889617274,45.326321730277925,46.458477616981021,45.851663023843273,0.000000000000000,41.871711066673143,45.271017951501591,39.562076853987577,45.491242415791611,0.000000000000000,46.351830321176614,68.201139212934237,66.156640918572450,63.440349542799879,66.740311190008953,63.853091801662671,71.326153339700113,0.000000000000000,65.118111777159299,64.304456315361691,65.703889313502117,67.229767097020229,0.000000000000000,64.834173591101887
50,USA,1.152284241662981,1.535885676316837,0.311976343026121,0.264394384503080,0.036446469248292,0.127272727272727,0.000000000000000,0.076923076923077,0.046518977180496,0.159493670886076,0.193846153846154,8.156098633879781,60.254170000000002,0.156004983020005,603.032137500000090,814996.306525620166212,0.210970464135021,0.000000000000000,0.269274153610680,1.274127177726640,0.824333115489341,50.475064448706050,0.000000000000000,7.565301656723022,47.436674100503964,44.940463644155606,46.646141273121472,46.666943429433267,48.123531295911867,47.252762402781514,0.000000000000000,43.547466819211742,46.880183576108756,41.154525504907021,46.913226864548051,0.000000000000000,48.000392365056541,69.726913799038300,67.524921152283113,64.902483207735926,68.208790442835010,65.297262952539413,72.953323486319889,0.000000000000000,66.780363820595227,65.743366688999529,67.212054442561509,68.688119318315742,0.000000000000000,66.347187025715868
51,USA,1.174612041560846,1.552375977765679,0.322052488066115,0.270422377607683,0.037665631858732,0.128797083839611,0.000000000000000,0.079212933205173,0.047540983606557,0.161949685534591,0.194871794871795,8.182721748907106,60.453719000000000,0.158746845925712,637.513488026000005,852592.190479399170727,0.220417633410673,0.000000000000000,0.283404463485821,1.340753382214546,0.892014621171034,56.815115013807919,0.000000000000000,7.657333273887634,48.951667194682230,46.339864536353488,48.285769363003588,48.076611262232419,49.877105432533369,48.655336507813828,0.000000000000000,45.310362991251075,48.574629201413849,42.798435066332260,48.320433613431668,0.000000000000000,49.782818075744018,71.253765594010048,68.943285340340054,66.354322707682911,69.644404389519906,66.799207332027777,74.536763876185020,0.000000000000000,68.438047169773128,67.221258934427567,68.878750908348337,70.201189624126755,0.000000000000000,67.959679882919417
52,USA,1.197062520699358,1.568771710736849,0.332102760762810,0.276289394858224,0.038901601830664,0.130293159609121,0.000000000000000,0.081632653061224,0.048558421851290,0.164335664335664,0.195897435897436,8.209933606557380,60.680804400000000,0.161695530218045,672.730688668000312,890176.115719374385662,0.229816701848168,0.000000000000000,0.298261304784978,1.408876329432781,0.964753010011556,63.706070152740516,0.000000000000000,7.751693687438964,50.555801486188457,47.812094278909044,49.983230818213755,49.541762927925262,51.597174083507852,50.064949434505756,0.000000000000000,47.046152939521896,50.258066442493416,44.423890427671509,49.781286236208359,0.000000000000000,51.575485098296831,72.793255509555721,70.363481875642364,67.847314527238453,71.106962172574953,68.271505182145830,76.169185512857041,0.000000000000000,70.127563916264876,68.678989903423286,70.509603663776602,71.701230390710464,0.000000000000000,69.551339383004048
53,USA,1.220207568814446,1.585350300977961,0.342286803664274,0.282288607688861,0.040192926045016,0.131759981082043,0.000000000000000,0.084041548630784,0.049586776859504,0.166800320769848,0.196923076923077,8.234538251366120,60.918810000000001,0.164453473844239,711.527610542000389,931751.995546671096236,0.239506172839506,0.000000000000000,0.312767887615139,1.479733116539011,1.040162325302495,71.664040321721728,0.000000000000000,7.842843785285950,52.175985353226537,49.357276637748825,51.792738269676583,50.958180847413495,53.369457109029156,51.534979036362749,0.000000000000000,48.904289691302274,52.004655999659605,46.155149825543234,51.245861951340153,0.000000000000000,53.423203713983725,74.361835426074236,71.785107439711254,69.359451867603340,72.664376607799639,69.773798183268013,77.864220312097274,0.000000000000000,71.856236141271481,70.217142910340556,72.175554562699404,73.280666504144961,0.000000000000000,71.186938794223110
54,USA,1.243995646384735,1.601972127537832,0.352880216923918,0.288224956063269,0.041528239202658,0.133333333333333,0.000000000000000,0.086603453522477,0.050614570397651,0.169255801079719,0.197948717948718,8.261169573770497,61.150550000000003,0.167310229794145,749.367476676000024,972792.354472094448283,0.249201277955272,0.000000000000000,0.327170765214479,1.557482399524356,1.113895336776603,80.641126213488434,0.000000000000000,7.941237297058105,53.860577861582541,50.915665450452202,53.593020099016620,52.396202192991332,55.131324284289235,53.084338039521647,0.000000000000000,50.712050833950393,53.802116033490407,47.911743809114519,52.844813057370267,0.000000000000000,55.282631376578564,75.903341115784315,73.209462598202364,70.881312512307090,74.190555029481999,71.365558833349752,79.500431993477719,0.000000000000000,73.587486403392134,71.784149019694183,73.856815872057439,74.817005229080038,0.000000000000000,72.793131352938218
55,USA,1.268106661825288,1.619114843270750,0.363711884077615,0.294216984755046,0.042898593602607,0.134807793575566,0.000000000000000,0.089094602406254,0.051663128096249,0.171717171717172,0.198974358974359,8.287462841530051,61.377760000000002,0.170324616343533,788.104323125000064,1016303.148896588245407,0.259259259259259,0.000000000000000,0.341405337792770,1.638421947697948,1.197091835422944,90.516588569870635,0.000000000000000,8.032825469970703,55.650575234137840,52.497904308850316,55.451458134741401,53.920119038987366,56.949255345205849,54.637714738052829,0.000000000000000,52.665286173068630,55.673634268081543,49.701273423315229,54.423838244071128,0.000000000000000,57.174849445949803,77.516334778415640,74.654524384234918,72.347374776972330,75.787601476751590,72.926784760430124,81.162749397730082,0.000000000000000,75.294301573200897,73.403631409447371,75.626177682840520,76.364351837723220,0.000000000000000,74.452700893548510
56,USA,1.293077060967887,1.636676381310036,0.374758774248521,0.300371657090126,0.044247787610619,0.136396790663749,0.000000000000000,0.091596321248046,0.052700749759029,0.174258857556038,0.200000000000000,8.314861377049185,61.592750800000005,0.173474810122564,828.348071800000298,1059300.802365148440003,0.269736842105263,0.000000000000000,0.356747491389437,1.720392727066013,1.280959632407981,101.170820276281830,0.000000000000000,8.126899719238281,57.465292293747197,54.130591977741517,57.355298934660112,55.477327288717703,58.905382640021394,56.195726166159368,0.000000000000000,54.593993645776493,57.576774796514712,51.612310073777678,56.023989253940194,0.000000000000000,59.105349895454609,79.090835406198011,76.136658334965432,73.933912799815445,77.412291613189950,74.480616675399361,82.809133500344984,0.000000000000000,77.060939834376626,74.980127132230976,77.310881315992987,78.003075020519233,0.000000000000000,76.095388948643418
57,USA,1.317932562338132,1.654437524448967,0.386071424716225,0.306615507671165,0.045634920634921,0.137981759340983,0.003139717425432,0.094202690441109,0.053763440860215,0.176706827309237,0.201025641025641,8.341880874316940,61.790471599999996,0.176606704311224,870.454003709999824,1103456.438748694723472,0.280487804878049,0.083103175930600,0.372760821212804,1.806190646852291,1.371946323898714,113.073200157513327,0.000000000000000,8.222044496536254,59.331815798352700,55.852089734782190,59.308724573108563,57.064572570698587,60.937406878224522,57.814397906999169,12.250869703593313,56.566214634337072,59.553759568124647,53.544367519632473,57.652866830045852,0.000000000000000,61.181384066261302,80.684872031298795,77.659579290290765,75.520598291766035,79.094663433227524,76.115479222798783,84.511646720026320,42.779697875483834,78.895786254007987,76.635216360753162,79.164939220297356,79.632552498272005,0.000000000000000,77.808820838019940
58,USA,1.343386593735372,1.672268975819206,0.397799604686950,0.312883435582822,0.046966731898239,0.139590854392298,0.007042253521127,0.096852300242131,0.054811205846529,0.179310344827586,0.202051282051282,8.371004562841527,61.991333800000000,0.179675271238124,915.468105081999965,1147621.329591460991651,0.291573229950260,0.094356264283025,0.390112486614639,1.895338560304029,1.457859845048218,127.490986716619290,0.000000000000000,8.318096942901610,61.191136037597914,57.525677912292949,61.275263494706266,58.725846356540224,62.963539316130813,59.442017649614748,18.976225070699101,58.598088967480891,61.586818150611847,55.541989918690277,59.381067049262967,0.000000000000000,63.257890563324771,82.294313841938205,79.267503028513630,77.157540291423842,80.718045920362826,77.784356631490198,86.246202640625327,50.230284893712188,80.749445735457030,78.288462143630738,81.013404046242954,81.275641772283606,0.000000000000000,79.569981323518107
59,USA,1.370023858927748,1.690885932822527,0.409349491732374,0.319502074688797,0.048433048433048,0.141216216216216,0.009717071506619,0.099688473520249,0.055925432756325,0.181952282860207,0.203076923076923,8.402406010928960,62.204700000000003,0.182705260218998,961.527200406000134,1193645.739705998683348,0.302489382827707,0.098695548427386,0.408236703967676,1.989657593057524,1.557241619754298,143.532717210577147,0.000000000000000,8.409281253814697,63.158105174933979,59.279808314247603,63.346644296549663,60.430540836541645,65.170275902331326,61.108828021554643,23.839435706245361,60.676727523440604,63.613369373098884,57.566904711292324,61.167738745686876,0.000000000000000,65.440990175977291,83.968708027438510,80.786593071835881,78.816289650001323,82.358349666568429,79.416584638760284,87.994195072535945,55.192682666047574,82.620701118372025,80.009411728029107,82.913496998566870,82.871655217291945,0.000000000000000,81.333700575881991
60,USA,1.396788366800739,1.708724188212609,0.421597633136095,0.325896414342630,0.049893842887473,0.142828999211978,0.011822660098522,0.102702702702703,0.057043073341094,0.184596577017115,0.204102564102564,8.435622677595630,62.424590000000002,0.185849220340026,1011.618387400000074,1242574.535588324768469,0.313659359190556,0.102899092561520,0.426182644667686,2.088154247459867,1.659323484669673,161.157999260902159,0.000000000000000,8.504170608520507,65.208119627784995,61.072181441303677,65.459371422057416,62.166829391279194,67.294961315102483,62.865735184752289,27.883595625079213,62.869147202722033,65.723471080099841,59.747369778323950,63.002809890096032,0.000000000000000,67.664704396927860,85.687146703313900,82.342550786618986,80.558982231633209,84.051175046980589,81.096036841236796,89.848459340836129,59.514709078385295,84.547790851956719,81.699264089421490,84.831846322595098,84.553513229101654,0.000000000000000,83.084025468563411
61,USA,1.424033005244405,1.727223374634361,0.434196782922278,0.332203389830508,0.051388474934338,0.144357976653696,0.013767962965756,0.105705939526370,0.058128392012635,0.187214611872146,0.205128205128205,8.469609292349721,62.624530000000000,0.189050247437756,1066.749871320000921,1292270.927571659674868,0.325446119196119,0.107376749164680,0.444415640718826,2.187426123605479,1.763819961587265,180.950944522974964,0.000000000000000,8.595921115875244,67.305315556568900,62.955100205466238,67.675445724572242,63.900890031731485,69.521644292998602,64.674992177713676,31.581556450101953,65.066974069328040,67.984206389646957,61.910427465866341,64.865225938054152,0.000000000000000,69.927084147734561,87.360807179022814,83.842792571021931,82.330430296532057,85.737879307989118,82.856528254907133,91.684117405141976,63.204291327086565,86.445389319955495,83.415142247190943,86.799559935956637,86.290341990929747,0.000000000000000,84.984870534790630
62,USA,1.452866596059587,1.745662489439836,0.447286117247706,0.338780435702461,0.052941176470588,0.146029024297261,0.015686274509804,0.108827085852479,0.059288537549407,0.189910162524161,0.206153846153846,8.506581020218579,62.813229999999997,0.192411195810316,1126.087433000000146,1345625.475439256289974,0.337078651685393,0.112401849184176,0.463066812772213,2.289015159926926,1.872974941158346,204.252810747933381,0.000000000000000,8.694000244140625,69.418369362635232,64.843197435935963,69.967224920578445,65.737486180290006,71.889246913958942,66.506786628694684,35.152331550617234,67.328823339048867,70.230661209809170,64.210650213347307,66.780458291648770,0.000000000000000,72.207151983650178,89.137772937951141,85.468111105254664,84.074520305996799,87.480284880934278,84.629677736608727,93.501332614838020,66.660619504742670,88.389387917753695,85.194159128966788,88.765694174975692,88.047924154141327,0.000000000000000,86.857575617819066
63,USA,1.481887369491291,1.764632892870931,0.460663138425285,0.345545596819405,0.054597562138074,0.147615937295885,0.017582546410214,0.111893095077922,0.060465278850296,0.192683035617153,0.207179487179487,8.542391803278690,62.994030000000002,0.195660496099604,1191.184130819999837,1398965.981937969801947,0.348837209302326,0.118112772300271,0.482509324464864,2.395372906282907,1.993982863545841,230.916685447410316,0.000000000000000,8.787277355194092,71.597830702566625,66.855878400613733,72.212768804042895,67.569555610246468,74.348157649247923,68.481711436112036,38.573709251463882,69.648096914744698,72.546035741581548,66.566463219334381,68.832126965483752,0.000000000000000,74.609124076354220,90.914797205921801,87.031537246124145,85.931940667636454,89.264585705977780,86.483743666384996,95.392808828442497,69.842096093799967,90.411631959488460,87.023617474292394,90.869535788861143,89.853613813748638,0.000000000000000,88.758884141281882
64,USA,1.511173849481163,1.784356870296975,0.474325447442154,0.352272727272727,0.056296352841391,0.149338374291115,0.019534918708473,0.115196078431373,0.061625230102398,0.195597121755324,0.208205128205128,8.582734426229511,63.255609999999997,0.199158884083863,1261.500305759999947,1455805.007326218066737,0.361111111111111,0.124887184872907,0.502775056102698,2.507437605264021,2.120089132895296,260.316314612035171,0.000000000000000,8.886449813842773,73.933255739439389,68.937213874166801,74.644058637706493,69.473576332472447,76.844117551692776,70.428743840523865,41.901238254072176,72.099679832452878,74.994305440933488,69.058699560895320,70.838850246913111,0.000000000000000,77.087649587048560,92.695181578481794,88.688052200123792,87.802515552089986,91.062139386752122,88.328077818965156,97.350185642026915,72.770494619919589,92.463595481182224,88.905760222137360,93.024489163394776,91.699716430234929,0.000000000000000,90.721547060565726
65,USA,1.541497874586433,1.804442068530597,0.488192745051731,0.359146318626336,0.057971014492754,0.151146134243062,0.021442495126706,0.118442682212194,0.062820512820513,0.198553243219539,0.209230769230769,8.618075956284150,63.472749999999998,0.202921340693823,1333.372301950000065,1512107.927613932406530,0.373424360449676,0.132387652392087,0.523856094652130,2.623153870261940,2.243026459439880,292.322098477464351,0.000000000000000,8.986948299407960,76.274436108906713,71.144700780438299,77.125720621254729,71.470181174740532,79.411842498549831,72.515143365094531,45.383070367355216,74.580776424607862,77.472526967683919,71.557878863576221,73.018652045165041,0.000000000000000,79.665832822562237,94.470592694322278,90.346968593766320,89.753512782312214,92.899637838953879,90.208626991281236,99.283015654153530,75.633390660416680,94.499517463668283,90.858110577181861,95.209791898520052,93.601265146847098,0.000000000000000,92.770077269079437
66,USA,1.572860333599641,1.824202023099925,0.502890452115652,0.365979883844778,0.059662775616083,0.153029632905794,0.023376623376623,0.121927495730477,0.064039577569337,0.201479841910553,0.210256410256410,8.657187983606555,63.720372800000000,0.206348343212958,1407.413625980000006,1571134.241900638444349,0.385744749895694,0.141368054382094,0.545759501117608,2.744399955196064,2.370003493138578,330.565679815039800,0.000000000000000,9.083224353790284,78.628339825959401,73.393932440457490,79.670980893108677,73.528066967511677,82.105284255183037,74.696895708229860,48.736740780768081,77.134887640598862,80.057026350405735,74.178841867174754,75.259668907229894,0.000000000000000,82.257058858502859,96.406026000798150,92.023357855410339,91.721230171679821,94.792399401807671,92.191905782863245,101.237682810307476,78.485757067818568,96.619740408105940,92.786394294749542,97.384631526776388,95.508413272041082,0.000000000000000,94.899495839014193
67,USA,1.603115675587564,1.844830296179059,0.517563800903720,0.373421193123102,0.061431775115579,0.154801022270902,0.025488579239792,0.125532732525392,0.065338160094947,0.204593929731434,0.211282051282051,8.696189890710381,63.983670300000000,0.209465065235678,1478.967102240000031,1632579.611622332595289,0.398697577356172,0.151618665913008,0.568064627839818,2.871771678180446,2.505081351890984,374.036226433136676,0.000000000000000,9.188200244903564,81.125779776473237,75.747529955454027,82.340614921787434,75.603654796720164,84.747603453973994,76.878182575741619,52.118224489745486,79.798081052510256,82.668407274199993,76.903959926549206,77.633270443816883,0.000000000000000,84.962708084153917,98.311157790053628,93.799888182971102,93.728574472685708,96.719451564955406,94.217728895130975,103.299890005030392,81.246912236475097,98.931470673220616,94.835100884746268,99.679774579456165,97.528753114270756,0.000000000000000,97.050971922262022
68,USA,1.635504320930107,1.865826463703398,0.532640965471003,0.380796109096092,0.063259244266215,0.156687185226637,0.027694742448452,0.129339257375884,0.066621618623637,0.207660947151682,0.212307692307692,8.736039890710380,64.237060000000000,0.212936286836957,1554.808645680000154,1696046.406576590845361,0.412073490813648,0.163919936638212,0.591621794021555,3.011322555232196,2.644637278927210,426.133513633213681,0.000000000000000,9.295900344848633,83.697562347256564,78.180261579126579,85.127411095822055,77.780706555542409,87.444124835094499,79.226710833914666,55.688177284166727,82.470224940185986,85.433655369790060,79.763977001902077,80.014013467217325,0.000000000000000,87.843775543396504,100.289253049947845,95.619718417533363,95.775085401915959,98.677372363447304,96.281174693977576,105.364230977989507,84.125308577160169,101.222842692543821,96.942908839563373,101.986147870652317,99.577972681466861,0.000000000000000,99.239424165134352
69,USA,1.668000228808143,1.886664512524190,0.547779617729066,0.388334564860427,0.065134099616858,0.158521230893475,0.030094124750335,0.133131845915507,0.067873303167421,0.210773390440065,0.213333333333333,8.774685519125679,64.507069999999999,0.216763132490304,1638.375846589998901,1761005.214540134882554,0.425101214574899,0.178070322847035,0.616210373643575,3.147689212495453,2.799542490116275,484.637346032104915,0.000000000000000,9.398406515121458,86.401286172031206,80.667596737957822,88.108336797649756,80.063355536509277,90.369523388238193,81.629713328133306,59.306915510657632,85.408833915418569,88.319738716601321,82.580071969511408,82.460627818517622,0.000000000000000,90.816307203104870,102.271125958462235,97.471224496371761,97.918528569774693,100.664936506019416,98.388733661739508,107.464636221522824,86.881531313419671,103.526499649365249,99.078468093293168,104.370036733889577,101.691673468907410,0.000000000000000,101.522662784083110
70,USA,1.701772849888246,1.908926862234651,0.563783664707481,0.395928648268530,0.067164179104478,0.160498185683458,0.032535065871403,0.137178212774634,0.069182389937107,0.214089342533879,0.214358974358974,8.812010928961749,64.764650000000003,0.220733516808138,1725.357088799999701,1827376.646255530184135,0.438423645320197,0.193504580521288,0.641946404495206,3.294919530220640,2.956519403068926,557.769819389857275,0.000000000000000,9.504404258728027,89.055488739454333,83.334841450318279,91.031999391348734,82.354329687795641,93.370935591396787,84.121105549908549,63.002053204520500,88.425406908064090,91.321847525472933,85.576773372895147,85.033107669898513,0.000000000000000,93.832116584226142,104.275368369402372,99.385859082196362,100.197712404893082,102.774477767772922,100.559247300427145,109.689854600433875,89.626462030680116,105.948562297696711,101.260526527193079,106.869023653677118,103.894211967667815,0.000000000000000,103.787920156391777
71,USA,1.736249438406843,1.931067415850620,0.579572182829294,0.403749098774333,0.069148936170213,0.162525879917184,0.035087719298246,0.141186207686580,0.070526315789474,0.217273954116059,0.216410256410256,8.849698633879781,65.018370800000000,0.225285805146994,1816.200492639998629,1901923.296437845332548,0.452719158987067,0.207556833082542,0.666743033253477,3.446279362838440,3.125734356021169,644.086269563968017,0.000000000000000,9.614307708740235,91.843722044827672,85.918284338289382,94.059146831297312,84.709995758734379,96.402543899029482,86.785099215810547,66.852042481923903,91.490114893889725,94.425478819231571,88.618928086681876,87.798137940274970,0.000000000000000,96.941894825072211,106.339089456969745,101.335158495561231,102.483709146442919,104.923038366310806,102.794650627992453,111.859051305742611,92.475665183550731,108.458656972942109,103.514834322382058,109.326575743081690,106.085211295664863,0.000000000000000,106.179315440395413
72,USA,1.772456261497114,1.953842923863535,0.595884376185224,0.411643643035549,0.071324514085110,0.164495719458000,0.037815126050420,0.145437262357414,0.071908904192341,0.220682499650540,0.217435897435897,8.886811289617487,65.266700000000000,0.229538395916998,1915.730622719999474,1976662.740373673615977,0.466898954703833,0.221204716378964,0.693158912464063,3.604252361233311,3.307260595374282,752.234278774962945,0.000000000000000,9.726522903442385,94.685526717849356,88.701470997046258,97.195538453117962,87.169511966584224,99.557404005880286,89.447230457905178,70.677185367991541,94.606863483750473,97.605531885249178,91.839800880208657,90.614537964087702,0.000000000000000,100.243455223302377,108.571759538597576,103.414248318424995,104.842962479225378,107.118394267361595,105.109591866744026,114.115832675722658,95.340158217134118,111.005580428991749,105.856798461910685,111.931901719456178,108.334689918427799,0.000000000000000,108.618246139093259
73,USA,1.808036883806702,1.977042843724677,0.612368269978516,0.419870748963389,0.073459822221590,0.166666666666667,0.040745052386496,0.149888143176734,0.073362707646003,0.224125393705512,0.218461538461538,8.927592574590163,65.510769999999994,0.234381503945011,2026.971645229999694,2056016.290753006702289,0.481481481481481,0.235314980331129,0.721076991738691,3.767125888357979,3.501407415246804,880.660125260258383,0.000000000000000,9.837346735000610,97.650166894036829,91.718049058279107,100.517224870440415,89.887815595644000,102.768839694187733,92.304288376689854,74.767937963721153,97.858672424551798,100.897743020956071,95.132297909458075,93.438132655765727,0.000000000000000,103.777874383159926,110.701503533997823,105.531899672414696,107.264494960916707,109.392914387521500,107.489386083897088,116.488014525031744,98.204263831257052,113.605620812364648,108.187457568141213,114.643942808725342,110.564859028043628,0.000000000000000,111.173896496823062
74,USA,1.844524973753200,2.001588086177373,0.629166666666667,0.428200869780606,0.075637763873842,0.168948891031823,0.043859649122807,0.154664387836534,0.074805928016937,0.227752551209639,0.219487179487180,8.965489890710380,65.769981800000011,0.239411225930559,2152.611729139999625,2136854.024169512093067,0.495737422299922,0.249899143605123,0.750426268016150,3.937119898925511,3.697264466777512,1022.198304904286260,0.050391561230801,9.949833431243897,100.832315706479932,94.754804149347336,104.012410120898821,92.665821386881987,106.095675985420328,95.294144072852674,78.849938922402785,101.211397378356665,104.236032150347143,98.672919598279606,96.515196655588767,15.360176898983518,107.123376965157760,112.938791375454599,107.742663728722448,109.709526468233321,111.820051827682619,110.053160473889861,118.957492641110477,101.152865420380905,116.313484856400322,110.717726471783891,117.423658291002880,112.985368759704215,54.602980825280412,113.840948829328241
75,USA,1.881876008118720,2.026144070456961,0.646875651803285,0.436630214116303,0.077956989247312,0.171128721353609,0.047157146043634,0.159490642601902,0.076399715921495,0.231328273208928,0.221538461538461,9.002481666666664,66.039514999999994,0.244402003386474,2278.500763500000176,2224602.361997206229717,0.510843373493976,0.266579726498922,0.781289557032909,4.115962430681762,3.902342242885325,1176.576699144452959,0.246669128508124,10.064965248107908,104.050791530871820,97.913907698195388,107.476883503696811,95.472287577690764,109.527082340318145,98.404045828117802,83.402554195536027,104.761937765941184,107.766699848041029,102.279904347834417,99.677889338400092,26.679726788984645,110.809388803750068,115.366365056118269,110.036690306056954,112.330447280379346,114.201371807091391,112.603979960447447,121.490662967074812,104.182667279974865,119.080718694528855,113.369288493595690,120.208847210911145,115.391055604595948,67.497663212100974,116.596043339771029
76,USA,1.920411822020364,2.051230553887051,0.664965037553870,0.445378151260504,0.080508474576271,0.173413293353323,0.050765017170186,0.164285714285714,0.077981651376147,0.235099337748344,0.222564102564103,9.050272677595633,66.317779599999994,0.249251941664386,2420.254378000000088,2313450.574058385100216,0.525842696629213,0.286498220731331,0.813948715441871,4.304688744906406,4.135488716146520,1351.093325679441705,0.500000000000000,10.190500259399414,107.382529901063762,101.170195808582065,111.239220257381959,98.504906858533701,113.309395622796956,101.708448076377636,88.021204255964705,108.364901445678754,111.446453520033671,105.973011081769144,102.929277072046716,34.288855315236191,114.458083915150240,117.738615943911924,112.328720239860473,115.109626107090136,116.815140590026928,115.262489763546185,124.057617632624101,107.231969696902709,122.012817011194116,115.991918972887817,123.187123219504798,118.050896866529669,76.062752254058125,119.377902221640937
77,USA,1.959653721573567,2.077909379970331,0.683001310731671,0.454713244862943,0.083038869257951,0.175596182337098,0.054462934947050,0.169312083669481,0.079689669540998,0.239038189533239,0.223589743589744,9.108836412568307,66.597949999999997,0.254784585597832,2573.934462690000146,2405368.660441655199975,0.542028985507246,0.307813791855370,0.849078232353336,4.504058587516496,4.366389295837959,1542.604595881262185,0.850613145475416,10.316975011825560,110.908443676400509,104.371252581482111,115.139569657354315,101.631436561537257,117.049417155229449,105.190276753243637,92.807683125954512,112.161890235061989,115.229175210088187,109.910814739108986,106.450863036633578,41.051220705440990,118.242211450402039,120.216446790237796,114.777992065241904,117.939692793945071,119.474368323772723,118.060096453629441,126.865496852261813,110.458682597753906,124.904770708252443,118.828443809334928,126.219798053022132,120.694118088551036,83.185603458562667,122.310597955616430
78,USA,2.001213768990978,2.103761724449986,0.701552035384971,0.464285714285714,0.085744011267377,0.178064027277894,0.058569259374032,0.174706649282920,0.081430576054167,0.243232101359310,0.224615384615385,9.167867759562840,66.861459999999994,0.260714175501624,2739.025413620000108,2502113.540548889897764,0.557465949984057,0.329821232342828,0.885281177080732,4.725004953193078,4.612730512557381,1757.464869023470555,1.000000000000000,10.439760093688964,114.567054578882505,107.925320066598957,119.208329242318953,104.833024569610828,121.032151830346393,109.000187025978278,97.668518309599833,115.995128459631431,119.224860032659748,113.941844061251885,110.094943996462760,47.159401472078244,122.269517374099777,122.882232760294158,117.261882005258840,120.866405614112850,122.314308224515202,120.985634281783064,129.670348502807741,113.782720377776542,128.137746231046833,121.714567304475750,129.300619331409138,123.339986879315461,89.729661990676561,125.311466824173550
79,USA,2.043727925289328,2.131291474816721,0.719534196687621,0.473982294831393,0.088597167541160,0.180714448536186,0.062968515742129,0.180281690140845,0.083228247162673,0.247422680412371,0.226666666666667,9.241239724043718,67.169707500000001,0.266102641448852,2922.308917390001170,2602124.423234579619020,0.573170731707317,0.353412077180979,0.922582508237336,4.958180320923820,4.881455245809000,2011.331909843279391,1.000000000000000,10.576086730957030,118.435565880340519,111.670647923776457,123.464861119911319,108.323477191229316,125.187179185442616,112.855702416308944,102.755540800754503,120.166400603866748,123.288613466615544,118.063250773402913,113.703590822028573,52.917364268971937,126.527881422581132,125.662541031551740,119.881293307917701,123.886458415520451,125.147633518016264,124.097791134079358,132.650668664497601,117.132505678882183,131.360924789444539,124.764184355146327,132.452910085638166,126.208564664645408,95.613352899770376,128.487066262802500
80,USA,2.087757805255491,2.160224224141724,0.738095238095238,0.483900643974241,0.091703056768559,0.183378016085791,0.067567567567568,0.186152099886493,0.085098039215686,0.251968503937008,0.227692307692308,9.305993770491803,67.468413999999996,0.272098228784192,3121.876656000003550,2703270.441624944098294,0.589285714285714,0.379373838150650,0.961166638063118,5.203614849268551,5.172644206405336,2302.531671626708885,1.000000000000000,10.712689590454103,122.436894776461017,115.540912127071749,127.836792025665019,111.953901170074957,129.458375974526888,116.942467817450265,108.042852063381588,124.619201809177198,127.540661254190411,122.452107769938408,117.685842609898870,58.633490932168129,130.958611933142009,128.425546287482916,122.630036610518474,127.172645000989988,128.179455868568368,127.281512877017732,135.693900206781734,120.750935035490784,134.803329261304896,127.917125055849866,135.804598834680007,129.245845081996919,101.180285735859329,131.905562295507195
81,USA,2.132287887271741,2.190267092303433,0.756954183046621,0.494590949226367,0.094881229035994,0.186134340437011,0.072625698324022,0.192371328848465,0.087047481569880,0.256723716381418,0.229743589743590,9.370700273224040,67.847384900000009,0.278959307097340,3348.783821309999894,2815836.100216135382652,0.605734767025090,0.409620893261355,1.002629546845147,5.466911533106831,5.468735386190170,2654.956245079436030,1.000000000000000,10.855699539184570,126.463249282611983,119.808280899523467,132.544008319119087,115.764936710111087,133.805663487981121,121.188701741008060,113.262650085894421,129.331633747603632,132.010704117231938,127.160490539524432,121.671435816691115,64.272539481715583,135.399017199367620,131.265580757033177,125.507543955933428,130.359643735700445,131.358028734812194,130.524298034344241,138.857343170338623,124.339098512173663,138.394775302891389,131.281374898558113,139.242234509832116,132.354691922976087,106.646964099753603,135.405618837188513
82,USA,2.179448896689154,2.220697527904648,0.776193972958342,0.505516677964923,0.098181818181818,0.188780100192045,0.078066914498141,0.198761604810921,0.089121432212028,0.261687997655220,0.230769230769231,9.437260486338801,68.292450000000002,0.285751194773118,3582.076139019999118,2933725.533204067032784,0.622263065930945,0.439565778037312,1.044815304111504,5.743450122393056,5.793024583894406,3069.722407725276753,1.000000000000000,11.004249572753906,130.647580203386667,124.077039896735840,137.130428183715679,119.751433376362840,138.261594903369598,125.628482368078522,118.835502915096640,134.250304172928139,136.661287238958010,131.942423209445849,125.835999310724375,69.833004223806185,140.135752515234259,134.347726600714708,128.601777522624161,133.734405972390448,134.678477280085474,134.021846108905748,142.314882387466810,128.065804325781841,142.265698805590972,134.779775802087528,142.845600399987035,135.577827746070909,111.755211142743036,139.054523250172139
83,USA,2.225734282007116,2.253021565340735,0.794696418137860,0.516908390167661,0.101785714285714,0.191850370942643,0.083832335329341,0.206067112703357,0.091268694375631,0.266735351129833,0.232820512820513,9.505617890710385,68.751419999999996,0.293781060275296,3828.713900539999486,3060246.261379419360310,0.638408793228159,0.471305007556987,1.091071810657853,6.058161820457937,6.170464409898847,3547.839193442450778,1.000000000000000,11.163078699111939,135.123003942846623,128.562173955972128,141.998722625259973,123.998218688098987,143.087675222796122,130.276541981648762,124.743234336435464,139.512543105112002,141.319678887980189,136.911984786420703,130.336873084669691,75.798975818210096,145.369230259524841,137.549600297429208,131.687233225800071,137.347377731932795,138.204721976775744,137.622680891784228,145.702356771399309,131.847688454090161,146.217572716041616,138.491823962569981,146.514662673230248,138.912107392675068,116.956483460566119,142.940919657120730
84,USA,2.274726092645474,2.286453847642510,0.812622876349061,0.528560045532157,0.105617977528090,0.194810460166227,0.090291146396145,0.213541666666667,0.093574547723019,0.272260273972603,0.234871794871795,9.587426229508200,69.108220000000003,0.301948170313604,4126.419553960000485,3202015.190893481485546,0.655430711610487,0.506473616656050,1.139125300691129,6.402881888216312,6.579641500813922,4103.928002648221991,1.435865509328544,11.325524330139160,139.674992516205691,133.282962784170280,147.024667864814091,128.574305442854779,147.961545518208055,135.147943064377188,130.623129504388118,145.035517738283659,146.135636361357399,142.091089958950221,135.142598312641724,81.810733614970260,150.575722150967323,140.962390662445614,134.969219012558312,141.300672385190467,141.826383545122212,141.512253028733653,149.325060271224686,135.906393467314246,150.363645153599180,142.388308073262237,150.443594758570470,142.540687487615372,121.987685973812674,147.104800257066785
85,USA,2.325173348883558,2.321627274716977,0.831012693323243,0.540964869579327,0.109614619153046,0.198209718670077,0.097322392884842,0.221704974084828,0.096034696406444,0.278111700533477,0.235897435897436,9.672293989071040,69.504120000000000,0.310565994501431,4484.248738700000104,3352777.117675389163196,0.672413793103448,0.543355668517432,1.193116873715910,6.777977412297959,7.044068062504355,4774.208036856884974,2.000000000000000,11.486200332641602,144.426369186065045,138.354574920455121,152.221697757916274,133.383907997207558,152.996621267842272,140.175535262426877,136.749617382047319,150.577309330010763,151.128368140501806,147.497015466265253,140.207419094165743,88.121566721892606,156.051690079136392,144.477011609396413,138.641036395005415,145.462796785916282,145.747317888592505,145.637412838270023,153.072294666740390,140.186981460960425,154.615008817208263,146.480131552330931,154.555857216700190,146.382605782630463,127.132378671427574,151.253581762292356
86,USA,2.376155127075141,2.358452264132930,0.848572852205854,0.554439897744688,0.114202049780381,0.201513995427365,0.104863791081816,0.230379746835443,0.098665283345837,0.284472289272088,0.237948717948718,9.771450382513665,69.976042600000014,0.319628877310301,4882.330948360005095,3521801.702247570734471,0.689713952498778,0.587330011212731,1.251394972371568,7.203259762006471,7.543903297917408,5663.057856025669935,2.000000000000000,11.660349845886230,149.488252225604555,143.547020239817101,157.486918800395159,138.687319017849632,158.220297129300775,145.513212764280894,143.045375031509764,156.583653550916210,156.355801454421481,153.168301207089314,145.533516444940119,94.666736096928616,161.586398761152992,148.174032569671994,142.366487513804486,149.786279773215369,150.088768502752714,149.835688204781235,157.184287340470632,144.846658451579941,159.184227265567387,150.821583710743425,158.937560307409200,150.303444285134901,132.495324415695080,155.770352452747403
87,USA,2.431727299615876,2.397811777101131,0.865947996898123,0.568005882846291,0.119148936170213,0.205662352047492,0.113268608414239,0.239690253331923,0.101455556837722,0.291262135922330,0.240000000000000,9.904666939890710,70.527094100000014,0.328999209764764,5321.526109329999599,3715269.228027199860662,0.707536011361331,0.638238764583450,1.312997854251893,7.672517983063176,8.109520725539713,6904.903665343994362,2.000000000000000,11.848537702560424,154.858167727240073,148.998054088591175,163.174861590336519,144.399464030625069,163.870767016931495,151.115261293838415,149.551302652180169,162.947713897262219,161.952989973805472,159.335481692707930,150.897948653932787,101.727991396282135,167.601274566203699,152.213498510467133,146.337939040202485,154.407363964715671,154.484384119787450,154.517694654307064,161.692162642308062,149.637385217960741,164.211312096553911,155.311309372449074,163.341960833383325,154.620838505785258,137.681023210455862,160.431721613987918
88,USA,2.489474949386667,2.439966225136354,0.882795752223280,0.582339525573939,0.124349427874014,0.209630406981384,0.122676579925651,0.250000000000000,0.104508631752727,0.298685468150663,0.242051282051282,10.071673224043700,71.159769999999995,0.340134895099186,5785.305187679999108,3934280.282344229985029,0.725152145003904,0.695563225502085,1.382432758928016,8.225807916937097,8.753021926586843,8537.195551889093622,3.000000000000000,12.046899795532228,160.567434349785628,154.976006120150402,169.355092163400940,150.349439815023828,169.621728647200143,157.332698145879732,156.388537298430634,169.657179221852005,168.001646867469191,165.723755927558443,156.787990331994678,109.728309785443770,173.928768208252109,156.398675580508922,150.856413231630398,159.236967020577708,159.222562017493260,159.602997738286433,166.289951431804752,154.608998357396786,169.362557212540935,160.201882226630175,168.161128357351089,159.024335225407015,143.327205242112200,165.574115742584979
89,USA,2.547818363424044,2.484393266884806,0.899138234342563,0.597597380829647,0.130107185268329,0.213703611565442,0.133177570093458,0.260246449548523,0.107744463413478,0.306808859721083,0.245128205128205,10.298492896174899,71.961375400000009,0.353888086265997,6312.994001959998968,4164513.572553151287138,0.742942050520059,0.762436914063569,1.454709210673152,8.819568007488883,9.475689097020256,10534.702626130430872,3.000000000000000,12.259646129608154,166.638732285132448,161.293982257355538,175.585696940321327,156.785772761124292,175.943256262380658,163.686842233811547,163.486334182866784,176.679153039070201,174.097305004660910,172.339945475942926,163.025887864849750,118.341146182762984,180.367560230222324,160.718817558556196,155.692848250551521,164.438532672525525,164.384973819054039,164.889376689034435,171.044776541409050,159.987146885094461,174.778385977071821,165.359526192682267,173.292115592806653,163.915348902570031,149.155630356267750,171.024177355159850
90,USA,2.607837966263018,2.533326519970744,0.915175492610837,0.613723661855289,0.136211433810834,0.218155197657394,0.145043491221906,0.271782883412741,0.111237908003177,0.315522911023558,0.247179487179487,10.454843169398901,72.581569999999999,0.366317134540040,6944.425598199999513,4437336.814880672842264,0.761166304593605,0.841890724507384,1.536033939360141,9.464998055428527,10.284553979719432,13512.393193638492448,4.634152591729790,12.490501022338869,173.001745410579133,167.841208687752186,182.103765295276730,164.074289672319139,182.492206112793838,170.671704031832974,170.869423022920245,184.112988206558924,180.367571437817475,179.397656800253060,169.591586056905726,127.673677172229219,187.267020703198085,165.612929520569594,161.055720430456915,169.937034022478343,169.973222149440488,170.316469033603482,176.276124108344078,165.608209846891413,180.792413934372007,170.995780209090270,178.701048208501163,169.390351569586954,155.526071218592222,177.030283034989054
91,USA,2.674743427095920,2.586977685343800,0.929635392395592,0.631275392807836,0.143426294820717,0.223166708633681,0.158536585365854,0.284896697017296,0.115053763440860,0.325731411657965,0.250256410256410,11.134709043715800,73.240525199999979,0.381458580578877,7710.919259579998652,4745532.152765888720751,0.779688616143905,0.938391255998046,1.620998377669190,10.197847262516913,11.247304969218007,17487.993328781431046,5.515433212996424,12.742671241760258,179.704388942667578,175.000219511563785,188.894925111255446,171.805660879955013,189.409040961010191,177.602131515018414,178.700575333379021,192.441472152931510,187.226027404068219,186.671023918964949,176.702866781380749,138.444665934467025,194.633306080346983,170.802123372388223,166.520942590793965,176.005476863032271,175.909134096728877,176.607600461727912,182.140146912165278,171.976048675456042,187.473330006210830,176.979327180222953,184.753727172187638,175.224263247803776,162.234025002149451,183.596592502972015
92,USA,2.744113466239190,2.642056099776315,0.943604885666712,0.650055978614343,0.151193633952255,0.228488792480116,0.174074074074074,0.299571060349103,0.119429590017825,0.337147798137893,0.253333333333333,11.479143715847000,73.830216799999988,0.399519270143933,8637.711577199997919,5086703.653599762357771,0.798850574712644,1.050740683943632,1.718715902002424,11.153015466139196,12.335500163052240,22035.233557915518759,7.329206945749305,13.033792114257812,186.935954015098247,182.506683222301092,196.554641706807388,179.987529796312259,196.877680367206608,185.092934885274047,186.756923863422230,201.000792635238668,194.356452334920817,195.000650759269433,184.369313744683183,149.453264964959885,202.333337578547685,176.802088718546003,172.770283535200548,182.524514661626796,182.749315453226103,183.280832466194539,188.451068413834037,178.982800239336399,194.580267853502534,183.552835432653268,191.128778766716266,181.519176043709166,168.918966582918358,190.770213542146735
93,USA,2.815781188198783,2.708677837803588,0.956348007078363,0.670154331685426,0.160573849075085,0.234362628661916,0.192813855220728,0.315155917639240,0.124418041808767,0.350456637244505,0.256410256410256,11.845133879781400,74.713647299999991,0.420919934604452,9873.802483230001599,5487676.024250766262412,0.818592574461069,1.183700572351231,1.827751284884598,12.370034914453898,13.614491528306552,27388.554306282505422,10.000000000000000,13.383399963378906,194.838485024865975,190.583142679928841,204.542147361720737,189.063997304800210,204.542180148359847,193.161530894832310,195.124242512219325,210.178171149660358,202.275937949403755,204.002088096736770,192.788297011797539,161.809767480908846,211.009048710817609,183.251404636243620,179.739317088049404,189.741623108561299,190.320252690074994,190.833231710731354,195.360659936651302,186.562805113522387,202.613931357593259,190.855826801391146,198.240120385183843,188.409319841870769,176.380618040401686,198.702538554120906
94,USA,2.894573147727120,2.780997077979575,0.967741935483871,0.692850846346937,0.171568627450980,0.241465634956759,0.214889779273370,0.333662099168733,0.129934210526316,0.366104808795624,0.259487179487179,12.312738557377017,76.184680000000000,0.447247955715855,11632.880914599976677,5938464.883595928549767,0.838526912181303,1.362630456038692,1.955215574830284,13.920045079300811,15.133040132774987,33374.853382867775508,10.000000000000000,13.788619079589834,204.000378072198373,199.830401178274798,213.275783789823379,199.368854602472311,213.108663453958741,202.385135118188828,204.462943261770505,220.319806729573713,210.837606363473270,213.689555700739049,202.006490252325165,174.462299167262302,220.397013532599772,190.911429334962975,187.617322163334904,197.957729410791643,198.807489458755839,199.223447375373325,202.960528398770151,194.925352170924299,211.508831542075427,198.939559140452388,206.427879170879692,196.435673470795564,184.681697875271510,207.572987989654337
95,USA,2.981499706690585,2.870092198140855,0.977889874542782,0.718180986279163,0.184940989362441,0.249493364570546,0.242113538563390,0.355236139630390,0.136842105263158,0.384679788119829,0.263589743589744,12.913170150273238,77.468981499999998,0.473123190203100,14174.035798499997327,6414285.760130930691957,0.858538981264076,1.598005702471969,2.113136129674913,16.083285430381490,17.018535410709248,40707.588992540440813,10.000000000000000,14.264535188674925,214.089962351263722,210.069829864235771,222.761872222975796,210.921905112955614,222.678043538952579,212.732634366259930,214.661844587422166,231.400121628178738,220.654818874102233,224.029323763260095,212.603175053164620,188.467955194385581,230.523362473771442,199.501015489852165,196.605951726832217,207.259687039133922,208.566770578223583,209.140887204669468,211.614329548783815,204.763928797107781,221.798434781792395,208.568900712855225,215.281536727797629,205.881958329815859,194.007667472984167,217.487790611772624
96,USA,3.077086024332461,2.970975686055118,0.987117023588208,0.746954114709460,0.201952401259380,0.258820798514392,0.278225806451613,0.381491084942850,0.145322378719784,0.407670464923963,0.267692307692308,13.509853825136600,79.740679999999998,0.520956312251643,18459.686152799982665,6962343.541874159127474,0.879850021230200,1.954966340493633,2.314801086035446,18.223051652001292,19.486333123856401,50647.178414464317029,10.000000000000000,14.813099861145020,225.661039965140674,221.309628262483756,233.865529727275202,223.892520378385143,233.597272326211936,224.061714679779129,225.847957171129934,243.756099368475930,231.526589526440802,236.270077410110616,224.562970954770719,204.540040882274752,242.052829008585860,210.055116743037644,206.903812942868626,218.484166959250871,219.763376246078451,220.445999920371634,221.961500384109087,216.284122441091512,233.590323718954693,219.681214727181839,225.831529773714976,216.799113001985802,205.072621039703051,229.133572395895015
97,USA,3.186792925056571,3.111302860518506,0.995856847811384,0.781754323196183,0.224336709641679,0.271416803953872,0.329541050035235,0.412805747417781,0.156143195018263,0.439856035960637,0.274871794871795,14.060216939890701,83.468944000000008,0.567786107839807,25795.314741399877676,7662162.025162216275930,0.903225806451613,2.473057777207528,2.589922404482610,20.866059597677769,22.660848380206254,67101.387916048101033,12.000000000000000,15.457210159301761,238.594637374693008,234.496611972474511,247.090055447103538,239.258581810788826,246.785780497297878,237.253767085312177,239.165723453091431,257.519727325820952,244.515888404330866,250.646223808711710,238.746914602785239,222.510550446884764,255.098997910541158,222.670776037373514,219.481520801175293,232.108282393839715,234.106513557033907,234.194053043062581,234.465862132526667,230.146358778917687,248.126192484980351,233.204232262548629,238.719883271864262,230.501505258793202,218.107339426361705,243.415153643708209
98,USA,3.324324201898956,3.316589309443933,1.000000000000000,0.824354205362190,0.256250000000000,0.289242590559824,0.412399508423369,0.456311502424784,0.171731163214204,0.491342787517324,0.283076923076923,14.482833606557399,87.139820000000000,0.643433159694510,37186.279514199850382,8836610.712540045380592,0.929724189782755,3.544562551641614,3.018873186621010,24.043341816077927,27.386051881257650,107004.073995431361254,21.000000000000000,16.237145538330079,255.424671910048232,251.172841507653118,263.224474026265568,257.909966507251568,263.288479873724668,254.256228037198639,255.491726430877719,274.450182666697060,260.424373580338397,267.739072802783767,257.364919012857740,243.598094022868111,271.426090561102171,239.698179884482272,236.002465867472011,250.271935219542854,252.341720066481088,252.364204697684016,250.460292633998108,248.354226034593637,267.303808989413028,250.779473286479742,255.405185061981882,250.067245077263465,235.281252678243362,262.323464226473732
99,USA,3.516377219958280,3.808769336643189,1.000000000000000,0.886178861788618,0.319319051564287,0.318636886826709,0.585375903588917,0.525612353567625,0.198935261103540,0.592556980056980,0.297435897435897,15.472619284426248,95.302059999999997,0.742543553815392,68182.151652099972125,11202280.013354508206248,0.963669375317420,7.627510591337203,3.802305140130706,28.790870490499760,35.789454005420438,237418.317934505990706,32.000000000000000,17.706915264129641,278.675284848089689,273.994309686581289,286.672809413786979,285.078741715149022,286.644983694624045,280.137489703341714,279.484526697358888,298.339267965938348,283.608573082664179,293.048417355975403,283.490128007593569,273.431251258025782,295.007294986891111,268.295756244050779,262.660116161811459,278.131987388079153,282.983222750194159,282.652036973340728,276.332629017971669,278.766055991010774,297.178866358312007,278.593143400406689,281.814739179558785,282.839013016135937,262.842954043361203,292.140797743848509
100,USA,3.929871890478452,6.699246502985560,1.000000000000000,1.000000000000000,1.000000000000000,1.000000000000000,1.000000000000000,1.000000000000000,0.574468085106383,1.000000000000000,0.416410256410256,25.612119125683101,112.812759999999997,2.979265929869924,4512172.081000000238419,30181802.550114631652832,1.000000000000000,46.082312918051080,18.059732219424905,82.282118985568246,137.871670601869027,7709094779.014755249023438,899.000000000000000,25.269199371337887,383.078594877797173,389.057317157366697,389.057317157366697,389.057317157366697,389.057317157366697,392.987189047845163,389.057317157366697,389.057317157366697,385.127445266888287,389.057317157366697,389.057317157366697,385.127445266888287,389.057317157366697,582.834445759743744,550.217939391028267,548.046122721994948,595.320895843500239,616.330678274671527,586.527897447997248,556.037459747801563,594.761566107064823,629.729171280642618,519.796322581685899,573.415331500009756,541.412935597475439,583.033078699234125
mean,USA,1.340744081359730,1.642335604083662,0.395842858541165,0.304149878065909,0.056149686397903,0.136065075687775,0.048100174035725,0.113069784904606,0.053909359538464,0.177906619162910,0.195319647024088,8.447258848996096,61.849590079949998,0.191072582883461,4611.752587792602753,1687230.492392052896321,0.299913689009539,0.394779565479419,0.570272513189761,3.535606717733533,3.637481896872220,701805.423433166346513,2.214688924267810,7.846438882227907,70.400210177635913,67.836763646436310,72.241080078072017,68.028762382618595,73.036982532870297,68.077404549402431,49.669635617308444,67.979204064020237,70.752058399907696,66.209805823320778,69.042725602962349,31.251450422117824,74.027553371439197,81.136443878925789,79.188777096505916,80.649410480332989,81.885351374115899,81.013159860630424,83.349826911798360,55.724832582379896,78.261653126659724,79.168041108463484,78.522194159668686,81.869476153362683,38.391139862739294,82.887891304962977
std,USA,0.840038164806735,0.689889366399415,0.315152414459965,0.213370845067387,0.068783131174533,0.062491517173633,0.108136047474169,0.116900213119723,0.044761176706435,0.117469617696179,0.040117614795691,2.056088465261556,8.966175587299350,0.144814030738689,34050.921352113189641,2368058.009251875802875,0.287196529415392,1.390205334816625,0.835306239571785,5.897971749269567,7.270222395191499,40896737.443035334348679,15.187110715241257,3.562371250924340,67.670654902644387,65.698149193655780,70.829957629484554,65.739805199144229,70.965711330936671,67.648988639276922,74.360832042086003,75.710749305617611,71.252142389538264,73.840453101292852,67.277559299712109,64.604554854255355,73.212979388911791,61.476821798460399,59.225763423091479,63.014869436354942,64.061253754642408,63.806651122758666,67.067504257167329,74.968461035376180,74.023160916499251,65.526050474711653,71.172810695088671,64.809112356205674,70.532956780359441,66.902922593261550
